"mCV24380249_T","rs13476111_G","rs6181202_C","gnf05.013.094_T","rs4226028_A","rs13479428_A","rs13479907_A","rs3662744_A","rs3685576_A","rs6163251_G","rs13482283_G","rs8266245_C","rs13482644_A","rs13482691_G","rs13475982_G","rs3718090_G","rs13478123_G","rs13478864_A","rs3714598_G","gnf08.122.415_G","rs3675233_A","rs13479859_A","rs13480409_G","rs3653651_G","rs3670360_G","rs13482200_C","rs13482284_G","UT_14_62.125092_A","HaemMCH"
0,0,1,0,0,0,0,0,0,1,1,1,0,0,0,0,0,0,1,0,0,0,0,1,0,1,1,0,15.4
2,2,1,0,0,2,0,1,1,0,1,1,0,2,0,2,0,0,0,1,0,2,2,0,0,0,1,1,14.4
1,1,1,1,0,1,0,0,1,1,0,1,0,2,1,1,1,0,0,2,0,1,1,0,0,1,0,0,15.7
1,0,1,0,0,2,0,0,2,0,1,1,1,0,1,1,0,1,0,1,0,1,2,0,0,1,0,1,15.7
2,1,1,0,0,0,1,0,0,0,2,2,0,2,0,2,0,0,1,0,1,1,1,0,0,0,0,0,14.8
2,0,0,1,1,1,0,1,0,2,0,0,0,2,2,1,0,1,1,1,0,2,1,0,2,0,0,1,15.6
1,0,0,0,1,1,0,0,1,0,2,2,1,2,1,0,0,1,1,2,0,0,1,0,0,0,2,0,16.2
2,0,0,1,0,1,0,1,1,2,1,1,0,2,0,1,1,0,1,1,0,0,2,0,0,0,0,0,15.9
1,0,0,0,1,0,1,1,1,1,2,1,0,2,0,1,0,1,0,0,1,1,1,0,0,0,1,0,17.1
2,0,0,1,0,2,1,1,0,1,1,0,1,1,0,0,0,0,0,0,1,1,0,0,0,0,1,0,15.3
1,2,1,0,0,0,0,0,1,0,1,1,0,2,0,2,0,0,2,1,0,1,1,0,0,0,1,0,15.4
1,1,1,0,1,0,0,1,1,2,0,0,0,1,2,1,0,1,2,0,1,0,1,0,1,1,0,0,15.9
2,2,1,0,0,0,1,1,1,0,2,2,0,1,0,2,0,0,0,1,1,2,2,1,0,1,1,0,14.9
1,1,1,0,0,1,0,1,1,0,1,1,0,2,0,2,0,0,0,2,0,1,2,2,0,1,0,1,16.4
2,0,1,0,0,1,0,1,1,0,0,0,1,2,1,0,0,0,0,2,0,1,1,1,0,0,0,0,15.5
2,1,0,0,2,1,0,0,2,1,0,0,0,1,1,1,0,2,1,1,0,1,2,0,0,1,0,1,15.1
2,2,0,2,0,1,0,0,0,1,1,1,0,2,1,2,1,0,1,2,0,1,1,0,0,0,0,0,16.5
0,0,1,0,0,2,0,0,1,1,2,1,1,1,0,0,0,1,0,1,0,1,1,1,0,0,1,1,15.3
2,0,0,1,1,0,0,0,1,2,1,1,1,1,0,1,1,1,2,1,0,0,2,0,0,0,0,0,15.7
1,2,0,1,0,1,0,0,0,1,1,0,1,2,0,2,0,0,1,1,0,2,2,2,0,0,0,1,16.1
2,1,1,2,0,1,0,0,1,1,2,0,0,2,0,1,1,0,1,2,0,1,1,0,0,0,1,1,14.8
1,0,0,0,0,1,0,0,0,0,1,0,0,2,0,1,0,0,0,2,0,0,1,1,0,1,1,1,16.6
0,1,0,0,0,0,0,0,0,1,0,0,1,1,0,2,0,0,0,1,0,1,0,0,0,0,0,0,16.1
0,0,1,1,0,2,1,1,2,0,2,1,0,2,0,0,0,0,0,1,1,1,2,0,0,0,1,0,14.8
0,0,0,1,0,1,0,1,2,2,1,1,1,0,0,0,0,0,1,2,0,1,2,0,0,1,1,0,15.6
2,2,0,2,0,1,0,0,0,2,0,0,1,2,1,2,1,0,0,1,0,0,1,0,0,1,0,0,15.7
2,1,1,0,0,0,1,0,0,1,1,1,0,2,2,1,0,0,1,1,1,2,0,0,0,0,1,0,15.5
0,2,1,0,0,1,0,0,0,0,0,0,0,2,1,2,0,0,0,1,0,2,1,2,0,0,0,0,15.6
1,0,1,1,1,0,2,1,1,2,2,1,0,2,1,0,0,1,1,0,2,1,2,1,0,1,2,0,15.1
1,1,0,0,0,2,0,0,0,0,2,2,1,2,1,1,0,0,0,2,0,1,0,0,0,0,1,0,16.8
2,2,0,2,1,1,0,0,1,0,0,0,0,2,0,2,1,1,1,2,0,1,2,0,0,1,0,1,15.2
1,0,0,1,0,0,0,0,0,0,2,1,0,2,1,1,1,0,1,1,0,1,0,0,0,0,2,1,15.9
1,1,0,0,0,0,0,0,1,1,1,1,1,0,0,1,0,0,1,0,0,0,1,0,0,1,1,0,16
2,0,1,0,0,0,1,1,1,0,1,0,0,2,1,0,0,0,2,2,1,0,1,1,0,0,1,0,15.3
2,1,1,0,0,1,1,0,1,1,2,2,0,2,0,2,0,0,1,0,1,1,2,1,1,0,0,0,15.2
0,0,1,0,0,1,0,1,1,1,0,2,0,2,0,0,0,0,0,2,0,1,2,0,0,0,0,0,15.9
1,0,0,0,1,2,1,1,1,1,1,0,0,2,0,1,0,1,0,2,1,1,2,0,0,0,1,0,16
0,1,1,0,0,2,0,0,1,1,2,2,0,2,1,1,0,0,0,2,0,1,1,0,0,1,1,0,16.1
2,1,1,1,0,1,0,1,1,1,1,1,0,2,1,2,0,0,0,2,0,1,1,1,1,1,0,1,16.2
1,1,0,0,0,1,0,0,1,1,0,0,2,1,0,1,0,2,1,1,0,1,1,0,0,2,0,1,15.1
1,1,0,1,0,2,1,1,0,1,0,1,1,1,2,1,0,0,0,0,0,1,0,0,0,0,0,0,15.4
1,1,1,1,0,0,1,2,1,2,1,1,0,0,2,1,0,0,2,1,1,0,2,0,0,1,0,0,15.9
0,0,1,0,0,1,0,0,2,1,1,0,0,0,0,0,0,1,1,0,0,1,2,0,0,1,0,2,15.3
0,1,1,2,0,1,0,0,0,2,0,0,0,2,1,1,1,0,0,1,1,1,1,0,1,0,0,0,14.7
2,1,1,2,0,1,0,1,0,1,2,0,0,1,0,1,2,0,1,2,0,1,1,0,0,1,1,1,15.7
0,1,0,0,1,0,0,0,1,2,0,0,1,2,0,2,0,1,0,1,0,0,1,0,1,0,0,0,15.2
1,0,1,1,1,1,0,2,1,0,2,1,0,2,0,1,0,1,0,0,0,0,1,0,0,0,1,0,16.5
0,1,0,0,0,0,0,0,0,1,0,0,1,2,0,1,0,0,1,1,0,1,0,0,0,0,0,0,15.8
2,0,1,0,0,2,1,1,0,2,1,0,0,2,0,0,0,0,0,0,1,1,1,0,1,0,1,0,15.2
0,0,1,0,0,1,1,0,2,0,2,1,0,2,0,0,0,0,0,2,1,1,2,0,0,0,1,0,15.4
2,1,1,1,0,0,0,0,1,1,1,1,0,2,1,2,1,0,0,2,0,1,2,1,1,1,0,0,15.5
2,2,0,1,0,0,0,0,0,1,0,0,0,2,1,2,0,0,1,1,0,0,1,0,0,1,0,0,15.8
1,0,0,0,0,1,1,0,0,0,2,2,0,1,0,0,0,0,0,0,1,1,2,1,0,1,1,0,15.1
0,2,1,1,0,0,0,1,1,1,0,0,1,2,1,2,0,0,1,2,0,1,2,1,0,0,0,1,15.8
2,1,0,2,0,1,0,1,0,0,1,0,0,2,1,1,2,0,1,2,0,1,1,0,0,0,1,1,15.7
0,0,0,1,1,0,2,1,2,2,2,2,1,1,0,0,0,1,2,1,1,0,2,0,0,1,2,0,15.4
0,0,2,0,0,1,0,1,0,1,0,1,1,2,0,0,0,0,0,1,0,1,1,0,0,0,0,0,16.4
1,0,1,0,0,1,2,0,1,1,1,0,1,2,0,0,0,1,0,2,2,1,1,0,0,0,1,0,15
2,1,1,0,0,0,1,1,0,2,0,0,0,1,2,2,0,0,1,0,1,1,1,0,1,1,0,0,14.9
2,0,1,0,0,1,1,1,0,2,0,0,1,2,0,0,0,0,0,0,1,1,1,0,1,0,0,0,15.4
2,0,1,1,0,1,0,1,1,1,1,1,0,2,0,0,0,0,0,1,0,1,1,0,0,0,1,0,15.3
1,1,1,0,0,1,0,0,2,1,2,1,1,0,0,1,0,1,1,1,0,1,2,1,0,0,1,1,16.6
1,0,1,1,0,2,0,1,0,1,0,1,1,2,0,0,1,0,0,2,0,1,0,0,0,0,0,0,16
1,0,0,0,0,1,1,0,1,0,2,0,0,2,0,1,0,0,0,1,1,1,2,1,0,0,1,1,16.8
0,0,0,2,0,0,0,1,1,2,0,0,1,2,0,0,1,0,2,1,0,1,2,0,0,1,0,0,16
1,0,1,1,0,0,0,0,0,0,2,1,0,2,1,1,1,0,1,1,0,2,1,0,0,0,1,0,15.3
2,0,0,0,0,0,1,1,0,2,2,0,1,1,0,0,0,0,1,1,1,1,0,0,0,0,1,0,15.5
2,2,0,1,2,0,0,0,2,1,0,0,0,2,0,2,1,2,2,1,0,1,2,0,0,1,0,1,15.4
1,1,1,1,0,0,0,0,1,1,1,0,0,2,0,2,0,0,0,2,0,1,1,1,1,1,1,2,15.9
1,0,0,0,0,1,2,1,2,1,0,0,1,0,1,1,0,1,1,1,1,0,2,0,0,0,0,1,15.9
1,1,0,0,0,1,0,0,0,1,2,1,0,0,0,1,0,0,0,1,0,0,0,0,0,0,1,1,16.7
1,1,1,1,0,1,0,0,1,0,1,1,0,2,0,2,1,0,0,2,0,1,2,0,0,1,0,1,15.5
0,1,0,2,1,1,0,1,1,1,1,0,0,1,1,1,0,1,1,1,1,0,1,0,0,0,1,0,16
0,1,0,0,1,0,0,0,0,2,0,0,0,2,0,1,0,1,1,0,0,0,0,0,0,0,0,1,15.8
1,1,1,0,0,0,0,0,0,1,1,1,1,2,1,1,0,0,0,1,0,2,0,1,0,0,1,0,15.5
1,0,1,1,0,0,1,1,0,1,1,1,0,2,0,0,0,0,1,1,1,1,1,0,0,0,1,0,15
2,1,1,0,0,1,0,0,0,1,2,1,1,1,0,1,0,0,1,1,0,1,1,1,0,0,1,1,16.2
2,0,0,2,1,1,0,0,1,2,0,0,0,1,1,0,1,2,1,2,0,0,2,0,0,1,0,1,15.8
1,0,0,1,1,0,1,0,2,1,1,0,0,2,0,0,0,1,0,2,1,1,2,0,0,0,1,0,15.3
2,0,0,0,1,0,0,1,1,2,0,0,0,2,1,0,0,1,1,1,0,0,2,0,0,0,0,1,16.1
1,0,0,1,0,1,1,1,2,2,1,1,0,1,1,1,0,0,1,1,0,0,2,1,0,1,1,0,15.5
2,1,1,0,0,2,0,0,0,0,2,2,0,2,0,1,0,0,0,1,0,1,2,0,0,1,0,0,15.5
2,0,0,1,1,0,0,0,0,2,0,0,1,1,0,1,1,1,1,1,0,0,1,0,0,0,0,1,15.5
2,2,1,0,0,0,0,1,0,1,2,1,0,2,0,2,0,0,1,2,0,1,2,1,1,1,1,1,16.3
0,0,0,1,0,1,0,0,1,0,2,1,0,2,0,0,1,0,1,1,0,0,1,0,0,1,1,0,16.8
0,1,1,1,0,0,0,1,2,2,2,1,0,2,1,1,0,1,1,1,0,1,2,0,0,1,1,1,15.1
1,1,1,0,1,1,1,2,1,2,0,0,0,1,2,1,0,1,1,0,1,0,2,0,1,1,0,0,14.7
2,1,1,0,0,0,1,0,1,1,0,0,0,2,1,2,0,0,0,1,1,1,1,2,1,0,0,1,15.2
1,0,0,1,0,0,0,0,0,0,2,0,0,2,1,2,1,0,2,1,0,2,1,0,0,0,0,0,15.3
1,1,0,0,0,0,0,0,1,1,1,0,2,1,0,1,0,2,1,1,0,1,1,0,0,1,0,2,14.5
2,0,1,1,0,2,0,2,1,1,2,1,0,2,0,1,0,0,0,1,0,0,1,0,0,0,1,0,15.4
1,2,0,0,0,0,0,1,1,1,0,0,0,2,0,2,0,0,1,1,0,1,2,1,0,0,0,0,15.8
1,0,0,1,1,1,0,1,2,2,0,0,1,1,0,1,1,1,0,1,0,0,2,0,0,0,0,1,15.9
1,0,1,0,0,0,0,0,0,0,2,0,0,2,1,1,0,0,2,0,0,0,0,0,0,0,0,0,17
1,0,1,1,1,2,0,1,0,1,1,1,1,2,0,0,0,1,0,2,0,1,0,1,0,0,1,0,15
2,0,0,1,1,1,0,1,2,2,0,0,1,1,1,0,1,1,1,0,0,1,2,0,0,0,0,1,16.1
0,0,1,0,0,2,0,0,1,1,1,0,0,0,0,0,0,0,0,0,0,2,1,1,0,1,0,2,15.5
1,1,1,1,0,2,1,1,1,2,1,1,0,2,1,1,0,0,0,1,1,1,1,1,1,0,1,0,15.4
0,1,1,1,1,1,1,1,1,1,1,0,0,1,1,1,0,1,1,1,2,0,1,0,1,1,1,0,15.9
1,0,0,0,1,0,0,0,0,1,0,0,0,2,1,0,0,1,1,1,0,0,0,0,0,0,0,1,16.6
1,1,1,0,0,0,0,1,0,2,0,0,0,0,2,1,0,0,2,1,1,0,2,0,1,0,0,0,15.1
0,0,0,0,0,0,0,0,2,2,1,0,0,1,1,0,0,1,1,1,0,1,2,1,1,1,0,1,15
2,1,0,0,0,0,0,0,0,1,2,2,1,2,2,1,0,1,1,1,0,2,0,0,0,0,2,0,15.5
2,1,1,1,0,1,1,1,1,0,2,0,0,2,0,1,0,0,1,2,1,1,2,0,0,1,1,1,16.4
1,2,1,0,0,1,0,1,0,0,2,2,0,2,0,2,0,0,1,1,0,0,1,0,0,2,1,0,15.8
2,1,1,1,0,0,0,0,1,1,1,2,0,2,1,1,0,0,1,1,0,1,1,0,0,0,0,0,15.9
1,1,1,0,0,0,0,1,1,1,1,0,1,1,1,1,0,0,1,0,0,1,1,0,0,0,1,0,15.6
2,1,0,1,1,1,0,0,1,0,1,0,0,2,0,1,0,1,1,1,0,1,2,0,0,0,0,0,16.4
2,1,1,1,0,0,0,0,0,0,2,1,0,2,2,2,1,0,1,1,0,0,0,0,0,1,1,0,15.5
0,1,1,1,1,0,1,1,1,2,1,0,0,1,1,1,0,1,1,1,1,1,1,0,1,0,0,2,14.9
0,1,1,0,1,1,0,1,1,2,1,0,0,1,1,1,0,1,1,0,1,0,1,0,1,1,1,0,16.7
2,1,0,0,0,0,0,1,1,1,2,1,0,2,0,1,0,0,1,2,0,1,2,1,1,1,1,1,15.7
2,0,1,0,0,1,1,2,1,1,2,1,0,2,0,1,0,0,0,1,1,0,1,0,0,0,1,0,15.3
1,1,0,0,0,0,0,0,0,1,1,1,1,1,1,1,0,0,0,1,0,1,0,0,0,0,1,0,15.7
0,0,1,1,0,1,0,1,0,1,1,1,0,2,0,0,0,0,1,1,0,1,1,0,0,1,1,0,15.5
1,1,0,0,1,1,0,1,1,2,1,1,1,0,0,1,0,1,1,1,0,1,1,0,0,1,1,0,16
1,0,0,1,0,1,0,1,1,2,1,1,0,1,0,1,1,0,0,1,0,0,1,0,0,0,0,0,15.5
2,2,1,0,0,1,2,0,0,0,1,2,0,2,0,2,0,0,1,1,2,2,0,0,0,0,0,0,14.8
0,0,0,1,0,1,1,1,2,2,2,1,0,2,0,0,0,0,0,2,1,1,2,0,0,0,1,0,16.8
1,0,0,0,0,1,0,1,1,2,1,1,0,1,0,0,0,0,0,1,0,1,2,0,0,0,0,0,15.6
1,0,1,1,0,1,0,0,1,0,1,1,0,2,0,1,1,0,0,1,0,1,2,1,0,1,1,0,15.9
1,0,1,1,0,0,0,0,1,1,1,1,0,2,0,1,0,0,0,1,0,1,1,0,1,1,0,0,15
1,1,1,1,1,0,1,1,2,1,1,1,0,2,0,1,0,1,1,1,1,1,2,0,0,0,1,0,15.9
1,0,0,0,0,0,1,0,0,1,0,0,0,2,1,1,0,0,1,1,1,1,0,0,1,0,0,0,15.3
1,0,1,0,1,2,1,2,1,1,2,0,0,2,0,0,0,1,0,2,1,0,1,1,1,0,2,0,16.4
2,0,1,1,0,1,0,0,0,1,1,0,0,2,1,1,0,0,0,2,0,1,2,1,1,1,1,2,15.6
1,1,1,0,0,0,0,0,0,0,2,0,0,2,1,2,0,0,1,2,0,0,0,0,0,1,1,1,16.9
1,0,1,0,0,1,1,1,1,2,2,1,2,1,1,0,0,1,1,2,1,0,1,1,0,0,2,0,15.7
1,1,1,1,0,1,0,1,1,1,1,2,0,2,1,1,1,0,0,1,0,1,1,1,0,1,0,0,15.9
2,0,0,0,0,0,0,0,0,0,1,1,0,2,0,0,0,0,0,2,0,1,2,0,0,0,1,1,15
1,0,1,0,0,1,1,0,1,2,0,0,1,2,0,0,0,0,0,2,1,2,2,2,0,0,0,0,14.5
0,0,0,0,0,1,1,2,1,0,0,0,1,2,0,0,0,0,0,1,1,0,2,1,0,0,0,0,15.7
1,1,1,0,0,0,0,0,1,1,0,0,0,2,1,1,0,0,1,1,0,1,1,0,0,1,0,0,15.5
1,1,0,0,0,0,0,0,0,1,2,1,2,1,0,1,0,1,1,1,0,1,0,1,0,1,2,0,16
1,1,1,0,0,0,0,0,1,2,1,0,1,1,2,2,0,0,1,1,0,1,1,0,1,1,1,0,14.5
0,1,0,0,0,0,0,0,1,2,0,0,1,2,0,2,0,0,0,0,0,1,1,0,1,0,0,1,15.5
2,0,0,0,0,1,0,0,1,0,0,0,0,2,1,1,0,0,0,2,0,0,2,2,0,0,0,1,15.9
0,1,1,0,0,1,0,0,1,1,2,2,0,2,1,1,0,0,1,2,0,1,1,0,0,0,1,0,15.9
1,0,1,0,0,0,0,2,2,1,2,1,0,2,0,0,0,0,0,1,0,0,2,0,0,0,1,0,15.3
1,0,0,0,0,1,0,0,0,0,2,1,0,2,1,1,0,0,0,1,0,0,0,0,0,2,2,1,16
2,1,1,1,0,1,1,1,1,1,0,0,1,2,0,1,1,0,0,1,1,1,1,0,0,0,0,0,15.5
0,1,0,0,0,0,0,0,0,0,1,1,1,1,0,2,0,1,0,0,0,0,0,1,0,0,1,0,15.4
1,1,1,0,1,1,1,2,0,2,1,1,0,1,2,1,0,1,1,0,1,0,2,0,1,1,0,0,15.9
2,2,0,2,1,0,0,0,2,1,1,0,0,2,0,2,1,2,2,2,0,0,2,0,0,0,0,0,15.5
0,0,1,0,0,1,1,1,2,1,0,0,0,2,0,0,0,0,0,1,1,0,2,1,0,0,0,0,14.9
1,0,1,1,0,1,0,1,1,1,1,0,0,2,0,0,0,0,0,0,0,0,1,0,0,0,1,0,15.4
1,1,1,1,0,1,1,2,0,2,0,0,0,0,2,1,0,0,1,0,1,0,1,0,1,0,0,0,16.2
1,1,1,0,0,0,0,1,1,2,1,1,1,2,0,1,0,0,2,2,0,1,2,0,0,1,0,0,15.7
1,0,0,1,0,0,1,1,1,1,2,1,1,1,0,1,0,1,0,1,1,0,1,1,0,0,2,0,14.7
1,1,1,0,0,1,0,1,0,2,1,1,0,1,2,1,0,0,1,1,1,0,1,0,0,2,0,0,16.5
2,0,1,0,0,1,0,1,1,2,0,0,0,1,1,0,0,0,1,1,0,1,2,0,1,1,0,0,15.9
2,1,0,0,1,1,0,0,2,1,1,0,0,1,1,1,0,2,1,0,0,0,2,0,0,0,0,0,15.6
0,0,1,2,0,1,0,0,1,0,2,1,0,2,0,0,1,0,1,1,0,1,2,0,0,2,1,0,16.3
2,2,1,0,0,0,0,1,0,1,1,1,0,2,0,2,0,0,1,2,0,1,2,2,1,0,0,1,15.3
1,0,0,0,1,1,0,0,1,1,1,0,1,1,1,1,0,1,0,1,0,0,1,0,0,0,0,1,15.8
1,1,0,0,0,1,0,0,1,1,1,0,0,0,0,1,0,0,1,1,0,1,1,0,0,1,0,2,15
0,0,1,0,0,0,0,0,1,1,0,0,0,0,0,0,0,0,1,1,0,1,1,0,0,1,0,2,14.9
2,1,0,1,0,0,0,0,0,0,2,2,0,2,1,2,1,0,1,1,0,0,1,0,0,2,1,0,15.8
1,0,1,0,0,1,0,0,0,1,1,1,0,0,0,0,0,0,1,0,0,1,0,0,0,1,1,0,16.1
1,0,1,1,0,1,1,1,1,1,0,1,0,2,0,0,0,0,1,1,1,1,2,0,0,1,0,0,15
0,0,1,0,0,1,0,1,2,0,0,0,0,1,0,0,0,0,0,1,0,1,2,1,0,0,0,0,15.3
2,0,0,0,1,0,0,0,1,2,1,1,1,1,0,1,0,1,2,0,0,0,2,0,0,0,0,0,16.2
1,0,1,0,0,1,0,2,1,1,0,0,0,2,0,0,0,0,0,1,0,0,2,1,0,1,0,1,14.4
1,1,1,0,0,2,0,1,1,1,2,2,1,0,0,1,0,1,0,0,0,1,1,1,0,1,1,0,16.5
1,1,1,1,0,1,1,0,1,1,0,1,1,2,1,1,0,0,1,1,1,1,1,0,0,1,0,0,15.1
1,0,0,1,1,0,2,1,1,1,2,1,0,2,0,1,0,1,1,0,2,1,1,0,1,0,2,0,15.7
1,0,0,1,1,1,1,1,1,2,2,0,2,2,1,0,0,1,0,0,1,1,1,0,1,0,2,0,15.8
2,1,0,0,0,1,0,0,0,1,1,1,0,2,0,1,0,0,0,2,0,1,2,1,1,0,0,1,15.7
1,1,0,0,0,0,0,0,0,2,1,1,1,1,1,1,0,0,2,0,0,1,0,0,0,0,1,0,15.2
2,0,1,0,0,1,2,0,0,1,1,0,2,2,1,0,0,0,1,1,2,0,0,1,0,0,1,1,14.8
2,0,0,0,1,0,1,1,2,2,1,1,2,2,2,1,0,1,1,0,1,2,2,1,1,1,1,0,15.9
1,1,0,1,0,0,0,0,1,2,1,2,0,2,0,1,0,0,1,1,0,0,2,0,0,0,0,0,16
2,0,1,0,2,1,0,1,0,2,0,0,1,2,1,0,0,2,1,1,0,1,1,0,0,1,0,0,15.8
2,2,0,0,1,0,1,0,0,0,0,1,1,2,1,2,0,1,1,1,1,1,1,0,0,2,0,0,15.3
2,0,0,0,0,1,0,1,0,0,2,1,0,2,2,2,0,0,1,2,0,0,1,0,0,1,1,0,15.8
2,0,0,1,0,1,0,1,0,1,1,0,1,1,0,0,0,0,1,1,0,1,0,0,0,0,1,0,15.2
1,0,2,1,0,1,0,0,1,0,2,1,0,1,0,0,1,0,1,1,0,0,2,0,0,2,1,0,16.3
0,0,1,1,0,0,1,1,1,2,1,0,1,2,1,0,0,1,0,0,1,1,2,0,2,0,1,0,15.1
1,0,1,1,1,2,0,0,0,1,2,0,0,2,1,0,0,1,0,1,0,1,1,0,0,1,1,1,16.3
1,0,0,0,0,0,0,0,0,0,2,2,0,2,1,2,0,0,1,1,0,1,0,0,0,0,1,0,16.4
2,1,1,0,1,0,1,0,0,2,0,0,0,2,1,1,0,1,0,2,1,0,0,0,0,0,0,1,16
2,1,2,0,0,1,0,0,1,2,1,0,0,1,0,1,0,0,1,0,1,1,1,0,1,0,0,0,14.5
1,0,1,0,0,2,0,0,1,0,1,0,0,2,0,1,0,0,0,2,0,0,1,1,0,1,0,1,16.4
2,0,0,0,0,0,0,0,0,1,1,0,1,1,2,0,0,0,1,1,0,1,0,0,0,1,1,0,16.2
1,1,0,1,0,0,1,0,1,0,0,2,1,2,1,1,1,0,1,0,1,1,2,0,0,0,0,0,16.2
2,0,0,0,0,0,2,0,0,0,1,0,2,2,1,0,0,0,2,1,2,1,0,1,0,0,1,0,16.2
1,1,0,0,0,1,0,1,2,1,1,1,1,2,1,1,0,0,1,1,0,0,2,0,0,0,1,0,15.9
1,1,1,0,1,0,1,0,1,0,0,0,0,2,2,1,0,1,1,1,1,2,1,0,0,0,0,1,15.2
2,0,0,0,2,2,1,2,0,1,0,0,1,2,1,1,0,2,0,2,1,0,1,0,0,0,0,1,15.5
2,1,1,0,1,0,1,0,1,1,1,0,0,1,1,1,0,1,0,2,1,2,1,1,0,0,0,1,15
2,1,1,2,0,1,0,1,0,1,1,0,0,2,0,1,1,0,1,2,0,1,0,0,0,1,0,1,16.6
1,0,1,1,0,1,0,1,2,1,2,2,0,2,0,1,0,0,1,2,0,0,2,1,1,2,1,0,15.7
2,2,0,0,0,1,0,0,0,1,2,0,0,1,1,2,0,0,0,1,0,1,0,0,0,1,1,1,14.8
1,2,1,1,0,0,0,0,0,0,2,1,0,2,0,2,1,0,1,2,0,0,0,0,0,2,1,1,14.8
0,0,1,1,0,1,0,1,1,1,0,1,0,2,0,0,1,0,1,2,0,0,2,0,0,1,0,0,16.5
1,2,1,0,0,1,0,0,0,2,1,0,1,2,1,2,0,0,1,2,0,2,1,0,0,0,0,2,14.5
2,0,0,0,0,0,0,0,0,1,1,0,0,2,2,0,0,1,2,0,0,1,0,1,0,1,1,0,15.5
1,0,1,1,2,1,0,1,2,1,2,1,1,2,0,0,0,2,1,2,0,1,2,0,1,1,2,0,15.9
0,0,1,0,1,1,0,1,2,1,2,2,1,2,0,0,0,1,0,1,0,1,2,1,1,2,1,0,16.3
1,1,0,0,0,1,0,0,0,1,1,1,0,2,0,2,0,0,0,2,0,1,2,2,1,0,0,1,15.6
0,1,0,0,0,0,0,0,0,1,1,0,0,1,0,2,0,1,2,1,0,2,0,0,0,1,1,0,15
1,0,1,1,1,1,0,1,0,2,0,0,1,1,1,0,0,1,1,1,0,1,0,0,0,1,0,1,15.5
1,1,2,1,0,0,0,0,0,0,2,1,0,2,1,1,1,0,2,1,0,1,1,0,0,0,1,0,15.7
0,0,1,0,0,1,1,0,2,0,2,2,1,1,0,0,0,0,0,1,1,0,2,0,0,2,1,0,15.2
1,0,1,1,1,2,2,1,1,1,0,0,2,2,1,0,0,1,0,1,2,1,2,0,1,1,0,1,15.3
1,0,1,0,0,1,0,0,2,0,2,1,0,2,0,0,0,0,1,1,0,1,2,0,0,2,1,0,16
0,0,1,0,0,0,0,0,0,1,2,1,1,0,0,0,0,0,1,1,0,1,0,0,0,0,1,1,16.1
1,1,1,0,0,0,0,0,1,1,2,1,0,0,0,1,0,1,1,1,0,1,1,1,0,0,1,1,15.6
0,0,1,0,2,0,0,1,1,0,2,1,1,2,0,0,0,2,1,1,0,1,2,1,0,0,1,0,15.4
1,1,0,0,0,0,0,0,2,1,1,1,1,0,0,1,0,1,1,1,0,1,2,1,0,1,1,0,16
1,0,1,1,0,1,0,0,1,0,2,1,0,1,0,0,0,0,1,1,0,1,2,1,0,2,1,1,15.2
2,0,0,0,2,0,1,2,1,2,0,0,1,2,1,2,0,2,1,2,1,0,2,0,0,1,0,0,16
2,0,0,1,0,2,0,1,0,0,1,1,1,2,1,0,1,0,0,2,0,1,0,0,0,1,1,0,17
1,1,0,0,0,0,0,0,0,1,1,0,0,2,1,1,0,0,0,1,0,0,0,1,0,1,1,0,15.8
2,1,2,0,0,1,2,0,1,1,0,0,1,2,2,1,0,0,1,2,2,1,1,0,0,0,0,1,14.6
1,1,2,0,0,2,1,0,0,0,0,0,0,2,2,1,0,0,0,2,1,2,0,1,0,0,0,1,16
1,0,0,2,0,2,0,0,2,1,2,2,0,2,1,0,0,0,0,0,0,1,2,0,0,1,1,0,15.8
2,0,0,1,0,0,1,1,1,1,0,1,1,1,1,0,0,0,1,1,1,1,1,0,0,0,0,0,14.8
1,1,1,0,0,0,0,0,0,0,1,1,0,2,0,2,0,0,1,2,0,1,2,1,0,0,0,1,14.9
2,1,0,0,0,0,1,0,1,1,0,0,0,1,1,1,0,0,1,2,1,1,1,0,0,0,0,1,15.1
1,2,1,0,0,1,0,0,1,0,2,1,0,2,1,2,0,0,0,1,0,2,2,1,0,0,1,1,15.1
2,0,0,0,1,1,0,1,1,2,0,0,0,1,1,2,0,1,1,2,0,1,1,0,1,1,0,0,15.5
0,0,0,0,1,0,1,1,0,2,1,0,2,2,1,1,0,1,1,0,1,2,1,0,1,1,1,0,15
1,0,1,1,1,0,0,1,2,0,2,0,0,2,0,1,0,1,0,2,0,1,2,0,0,0,2,0,15.4
1,2,1,0,0,0,0,0,1,0,2,1,1,1,1,2,0,0,1,2,0,2,1,1,0,0,1,1,14.9
1,1,1,0,0,0,0,0,0,0,2,0,0,2,1,2,0,0,1,1,0,1,1,0,0,0,0,0,15.2
1,0,0,0,0,0,0,0,0,1,1,1,1,1,1,0,0,1,2,1,0,1,0,1,0,0,1,0,15.6
1,1,1,0,0,1,1,0,0,0,1,0,0,2,2,1,0,0,1,2,1,1,0,1,0,0,0,1,15.7
2,0,1,1,0,0,1,0,1,0,2,1,1,2,0,1,0,0,0,2,1,1,2,1,0,0,1,0,15.2
2,0,0,0,1,0,2,1,0,2,1,1,2,1,2,1,0,1,1,0,2,1,1,1,0,2,1,0,15.2
1,1,0,0,0,1,0,0,1,1,2,1,1,1,0,1,0,1,0,1,0,0,1,1,0,0,1,1,16.1
1,0,1,1,1,2,0,1,0,1,0,0,2,2,1,0,0,1,0,1,0,1,0,0,1,0,0,1,15.9
1,0,0,0,0,0,0,0,1,1,2,1,0,2,0,1,0,0,1,2,0,1,2,2,1,1,1,1,16.1
1,1,0,0,0,0,0,0,0,1,1,0,0,2,0,1,0,0,1,2,0,1,2,2,1,1,1,2,15.5
1,1,0,0,0,2,0,0,1,0,2,1,1,1,1,1,0,0,0,2,0,0,1,1,0,0,0,1,15.1
1,1,1,0,0,0,1,0,0,0,1,0,0,1,0,1,0,1,2,0,1,1,0,1,0,0,0,2,16
0,1,2,0,1,2,0,2,0,2,1,0,1,2,1,1,0,1,0,0,0,0,1,0,0,0,1,0,16
2,0,0,0,1,1,1,2,0,1,0,0,0,1,1,1,0,1,0,2,1,0,0,0,1,0,0,1,15.4
0,0,2,2,0,1,0,0,2,0,2,1,0,1,0,0,1,0,1,1,0,1,2,1,0,1,1,0,16.2
2,1,1,1,1,0,0,0,2,1,2,2,0,2,2,1,0,1,1,1,0,1,2,0,0,2,2,0,15.4
2,0,0,0,0,0,0,0,0,2,1,0,0,1,2,0,0,0,2,0,0,0,0,1,0,1,1,0,16
1,0,0,0,0,0,0,0,0,2,1,0,0,2,1,1,0,1,2,2,0,1,0,0,0,1,1,0,15.8
1,0,0,0,0,0,0,0,0,1,1,0,0,2,1,1,0,0,0,1,0,1,0,0,0,1,1,0,15.7
1,0,0,0,0,2,0,0,2,2,0,1,0,2,0,0,0,0,0,0,0,1,2,0,0,0,0,0,15.2
1,0,1,0,1,2,0,1,1,1,0,0,2,2,1,1,0,1,0,1,0,1,1,0,0,0,0,0,16.7
2,1,1,0,1,0,1,0,1,0,1,0,1,1,1,1,0,1,2,1,1,2,1,0,0,0,0,1,15.2
1,2,1,0,0,0,1,0,0,1,1,0,1,0,0,2,0,0,2,0,1,1,0,0,0,0,0,2,15.1
1,1,2,0,1,0,1,0,0,2,1,0,1,1,2,1,0,1,2,1,1,1,0,0,0,0,0,1,15.4
1,0,1,0,0,0,0,1,0,1,0,0,0,1,1,0,0,0,1,1,0,1,1,0,1,1,0,0,16.8
2,0,0,0,0,0,1,0,1,0,1,0,0,2,2,0,0,0,1,2,1,2,2,2,0,0,0,1,15.7
0,1,0,1,0,2,0,1,2,2,1,1,1,2,0,1,1,0,0,1,0,0,2,0,0,0,0,0,15.4
2,0,0,0,0,2,0,1,0,1,1,0,1,1,0,0,0,0,0,0,0,1,0,0,0,0,1,0,15.7
1,1,1,1,0,0,0,0,0,0,2,2,0,2,1,2,1,0,1,1,0,1,1,1,0,0,1,0,15.7
0,1,1,2,1,2,1,1,0,1,1,0,1,1,1,1,0,1,0,1,2,0,1,0,0,0,1,0,16
1,1,2,0,0,0,1,0,0,2,1,0,0,1,2,1,0,0,2,1,1,2,0,0,0,0,0,1,16.4
2,1,0,1,0,0,0,0,2,1,1,1,1,2,2,1,0,0,2,2,0,1,2,0,0,0,1,0,15.5
1,0,1,1,1,2,0,1,0,0,1,1,1,2,0,0,1,1,0,0,0,1,0,0,0,1,1,0,16.3
1,1,2,0,0,1,1,0,0,1,1,0,0,2,2,1,0,0,0,1,1,1,0,2,0,0,0,1,15.4
0,2,0,0,0,0,0,0,1,2,1,0,1,0,0,2,0,0,2,1,0,1,1,0,0,0,0,2,14.5
2,2,1,1,0,1,0,0,1,1,2,0,0,2,1,2,0,0,0,0,0,1,1,0,0,1,1,1,14.9
2,0,0,0,0,1,1,0,1,1,1,0,0,2,2,0,0,0,0,2,1,2,1,1,0,0,0,1,15.7
0,1,1,0,0,1,0,0,0,0,1,0,0,1,1,1,0,0,0,1,0,1,1,1,0,1,1,0,15.1
1,0,1,0,0,1,0,1,1,1,0,0,1,1,1,1,0,0,0,1,0,1,1,0,0,0,0,1,15.3
1,0,1,1,0,2,1,1,0,1,0,0,1,2,1,0,0,0,0,1,1,1,0,0,0,1,0,0,15.6
2,0,0,1,0,0,1,2,0,1,0,0,2,2,1,1,0,0,1,2,1,0,0,0,0,0,0,0,16
1,0,0,0,1,1,1,0,1,0,0,2,1,2,1,0,0,1,0,0,1,1,2,0,0,1,0,0,15.9
0,0,1,0,2,0,1,0,2,1,2,1,1,1,0,0,0,2,0,1,1,0,2,0,1,1,2,0,15.1
1,1,1,1,0,1,0,1,0,1,1,0,0,2,0,2,0,0,0,2,0,1,0,2,0,1,1,1,15.7
1,0,1,0,1,0,2,2,1,2,1,0,2,2,1,1,0,1,1,1,2,0,2,1,0,0,1,0,15.8
2,0,1,0,0,2,1,0,0,1,0,0,2,2,1,1,0,0,0,1,1,2,0,0,0,1,0,0,15.6
0,0,1,1,0,0,0,1,2,1,2,0,1,1,0,0,0,0,0,1,0,0,2,0,1,0,2,0,14.8
2,1,0,0,1,0,1,0,0,2,1,0,0,2,1,1,0,1,2,1,1,2,0,1,0,0,0,1,15.9
0,2,0,0,0,0,0,0,1,0,2,1,1,1,1,2,0,1,1,0,0,1,2,0,0,1,2,0,14.6
0,1,0,0,0,0,0,0,0,1,1,0,0,2,0,2,0,1,2,2,0,0,0,1,0,1,1,0,15.5
1,2,1,0,0,1,0,0,1,2,1,1,1,2,1,2,0,0,0,2,0,0,1,1,0,0,0,0,15.1
1,0,2,0,1,1,0,2,0,0,0,2,2,2,0,0,0,1,0,1,0,0,0,0,0,1,0,0,16.5
2,0,0,0,0,2,0,1,0,0,0,2,2,2,1,0,0,0,0,1,0,1,0,0,0,1,0,0,16.4
1,0,0,0,1,2,1,1,2,0,2,1,0,2,0,1,0,1,0,2,1,0,2,0,0,0,1,0,15.9
1,1,0,0,0,0,0,0,2,2,1,0,1,2,1,1,0,0,2,1,0,1,2,0,0,0,1,0,15.3
1,1,0,0,1,0,1,0,1,0,0,1,1,2,1,1,0,1,1,1,1,0,1,0,0,1,0,0,16.2
1,0,0,0,0,1,0,0,0,0,2,1,0,2,1,2,0,0,2,2,0,2,0,0,0,0,1,0,15.7
1,0,1,1,0,0,0,2,1,0,0,1,1,2,0,0,0,0,1,1,0,0,1,0,0,1,0,0,15.2
1,0,1,1,1,1,1,0,1,1,2,0,1,2,0,1,0,1,0,2,1,1,2,0,1,0,2,0,15.3
1,0,1,0,0,0,0,0,0,0,2,1,0,2,1,1,0,0,2,2,0,1,1,0,0,0,0,0,16
2,2,2,0,0,0,0,0,0,0,2,1,0,2,1,2,0,0,1,0,0,1,2,0,0,0,0,0,15.2
1,1,0,0,1,0,1,0,0,2,0,0,0,1,2,1,0,1,1,1,1,1,0,1,0,0,0,1,15.4
1,1,0,0,0,1,0,0,0,2,1,0,1,2,1,1,0,0,0,2,0,0,0,0,0,1,1,0,16.5
2,2,0,1,0,0,1,0,0,0,0,2,1,2,1,2,1,0,1,0,1,1,1,0,0,0,0,0,16.1
1,0,1,0,1,0,0,1,2,1,2,1,0,1,0,1,0,1,1,2,0,1,2,0,1,1,2,0,15.4
2,1,2,0,0,2,1,0,0,0,0,0,0,2,2,1,0,0,0,2,1,1,1,1,0,0,0,1,15.5
2,0,0,0,0,1,1,0,0,1,0,0,0,2,2,0,0,0,1,1,1,2,1,1,0,0,0,1,15.7
2,1,0,1,1,1,1,0,1,0,0,2,1,2,1,1,1,1,1,1,1,1,1,0,0,1,0,0,15.7
0,0,0,2,0,0,0,2,1,0,1,2,1,2,0,0,0,0,2,1,0,0,1,0,0,1,0,0,16.2
2,2,1,1,0,1,0,0,2,1,2,0,0,2,1,2,0,0,1,1,0,0,2,0,0,1,1,1,15.4
0,1,2,1,1,1,0,2,0,0,0,1,2,2,1,1,1,1,0,1,0,0,0,0,0,0,0,0,15.9
1,1,1,0,0,2,1,0,1,1,1,0,0,2,0,2,0,0,0,1,1,1,1,2,1,1,1,1,15.4
2,0,1,1,0,1,0,1,0,1,1,1,0,2,1,1,1,0,0,2,0,1,1,2,1,1,0,0,16.7
2,0,1,1,0,1,0,1,0,1,1,0,1,1,1,0,0,0,1,1,0,1,0,0,0,1,1,0,15.3
2,0,0,0,0,0,0,0,0,1,1,1,1,1,2,0,0,1,1,2,0,1,0,0,0,0,1,0,16
0,1,1,0,2,0,2,1,1,2,1,1,1,1,1,1,0,2,1,1,2,1,2,1,1,2,1,0,15.2
1,1,0,1,0,0,0,0,0,2,1,2,0,2,0,1,0,0,1,1,0,0,2,0,0,0,0,0,15.6
2,0,1,0,1,1,1,0,1,0,2,1,1,2,0,1,0,1,0,1,1,0,2,1,0,1,1,0,15.7
2,0,0,0,1,0,2,2,0,2,1,0,1,1,2,1,0,1,0,1,2,0,1,0,0,1,1,0,15.5
1,1,1,1,0,0,1,1,0,2,1,2,1,1,2,1,0,0,1,1,1,1,0,0,0,0,0,0,14.9
1,2,1,0,0,0,1,0,1,1,1,1,0,2,0,2,0,1,2,1,1,1,1,1,0,0,1,0,15.2
2,0,1,1,0,0,1,1,0,1,1,1,0,2,2,2,0,0,0,0,1,1,1,0,1,1,1,1,14.1
1,0,2,1,0,0,0,0,1,0,2,1,0,2,0,0,0,0,1,1,0,0,2,0,0,2,1,0,16.3
2,2,1,1,0,2,0,0,1,1,2,0,0,2,1,2,0,0,0,1,0,1,1,0,0,1,1,1,15.5
1,0,2,0,0,0,0,0,1,0,2,1,0,2,0,0,0,0,1,1,0,1,2,0,0,2,1,0,15
1,1,0,0,1,0,1,0,1,1,0,0,0,2,2,1,0,1,0,2,1,1,1,1,0,0,0,1,14.9
1,0,0,0,1,2,1,0,0,1,0,2,1,2,1,0,0,1,0,0,1,0,1,0,0,1,0,0,16.2
1,0,0,0,0,0,0,0,0,0,1,0,1,1,1,0,0,0,1,1,0,2,0,0,0,1,1,0,16
2,0,1,1,2,1,1,0,2,1,2,1,1,2,0,1,0,2,0,1,1,1,2,1,1,1,2,0,15.3
2,0,1,1,0,0,0,1,2,1,2,1,1,2,0,1,0,0,0,2,0,0,2,0,1,1,2,0,15.2
1,0,1,1,1,1,1,0,1,1,2,2,1,2,0,1,0,1,0,2,1,1,2,1,1,2,2,0,15.2
1,2,1,1,0,0,0,1,0,0,2,1,0,2,0,2,1,0,1,2,0,0,1,0,0,2,1,1,15.4
0,0,2,2,0,0,0,0,1,0,2,1,0,1,0,0,1,0,1,1,0,0,2,0,0,2,1,1,15.5
2,1,1,1,0,0,0,0,1,1,0,0,0,2,0,1,0,0,1,1,0,2,2,1,0,0,0,0,14.7
2,2,2,1,0,0,0,0,1,0,2,1,0,2,1,2,1,0,1,0,0,1,2,0,0,0,0,0,15.4
2,0,0,0,0,0,0,0,0,1,1,1,1,1,2,0,0,0,1,1,0,2,0,1,0,0,1,0,15.9
2,1,0,0,0,0,1,0,0,2,0,0,0,1,1,1,0,0,0,1,1,0,0,0,0,0,0,1,15.2
1,1,1,1,0,1,1,0,1,0,2,1,0,2,0,2,0,0,0,0,1,2,2,0,0,0,0,0,14.4
0,1,2,0,1,2,1,0,0,0,0,2,2,2,1,1,0,1,0,1,1,2,0,0,0,1,0,0,16.5
1,1,0,0,0,1,0,0,1,2,2,1,0,2,1,1,0,0,0,1,0,0,2,1,0,0,1,1,14.8
1,1,1,0,0,1,1,1,0,1,2,1,1,1,1,1,0,0,1,0,1,1,0,0,0,1,1,0,15.3
2,0,1,0,0,2,0,1,0,1,0,2,2,2,1,0,0,0,0,2,0,1,0,0,0,1,0,0,16.4
0,1,1,0,0,0,1,0,1,2,1,0,1,1,0,1,0,1,1,0,1,1,1,1,0,0,0,2,15.8
1,1,1,0,0,2,1,1,1,1,1,2,1,1,2,1,0,0,0,0,1,1,1,0,0,1,0,0,15.6
0,0,2,1,0,0,0,1,1,1,1,1,0,2,0,0,0,0,1,1,0,0,2,0,0,0,1,0,16.8
2,0,2,0,0,1,1,0,1,1,0,0,0,2,2,0,0,0,1,2,1,2,1,2,0,0,0,1,15.1
1,0,1,1,0,1,1,1,0,0,0,1,2,2,0,0,1,0,0,1,1,1,0,0,0,0,0,0,16.9
1,0,1,1,1,0,1,0,1,0,2,2,0,2,0,0,0,1,0,2,1,1,2,1,0,2,1,0,15.8
0,2,0,0,0,1,0,1,1,2,0,0,1,2,1,2,0,0,1,1,0,1,1,1,0,0,0,0,15.4
2,1,0,1,0,1,0,0,0,0,2,0,0,2,1,1,1,0,1,2,0,1,1,0,0,1,1,1,16.2
2,2,1,0,0,1,0,1,0,1,0,0,0,2,0,2,0,0,0,2,0,1,2,2,1,0,0,2,15.3
0,1,1,0,0,1,0,0,1,0,2,1,1,1,1,1,0,0,1,1,0,1,1,0,0,1,2,0,15.7
1,1,2,0,0,0,1,0,1,2,0,0,1,2,2,1,0,0,0,1,1,2,1,1,0,0,0,1,14.9
2,0,2,2,0,1,1,1,2,1,1,2,1,2,1,0,0,0,0,1,1,0,2,0,0,1,0,0,15.1
2,0,1,1,0,1,0,2,2,1,2,1,0,2,0,1,0,0,0,0,0,0,2,0,0,0,1,0,16.2
0,0,1,0,0,1,0,2,0,1,0,0,1,2,0,0,0,0,1,1,0,0,0,0,0,0,0,0,16.1
2,0,0,0,0,0,2,1,0,2,0,0,1,2,1,2,0,0,1,1,2,1,0,0,0,0,0,1,14.2
0,0,2,0,0,0,0,0,1,0,2,1,0,2,0,0,0,0,1,1,0,0,2,0,0,2,1,0,15.9
2,0,1,0,0,1,0,1,0,0,1,0,1,2,2,0,0,0,1,2,0,1,0,1,0,0,1,1,16.7
2,0,1,1,2,0,0,1,1,0,2,0,1,1,0,1,0,2,0,1,0,0,2,1,0,0,2,0,15.3
1,1,1,1,0,0,0,0,2,2,2,1,0,2,0,1,0,0,2,1,0,0,2,0,0,0,1,0,15.4
2,2,1,0,0,1,0,1,1,1,2,1,0,2,0,2,0,0,0,2,0,0,1,1,0,1,0,0,16
0,1,1,1,0,1,0,0,1,2,0,0,1,2,0,1,0,0,1,1,0,1,2,0,0,1,0,0,15.5
1,0,2,0,1,1,1,1,0,1,0,1,2,2,0,0,0,1,0,0,1,1,0,0,0,0,0,0,16.8
0,0,2,2,0,0,0,0,1,0,2,1,0,2,0,0,1,0,1,1,0,0,2,0,0,1,1,1,16.6
1,1,0,0,0,0,0,0,1,0,2,1,0,2,0,1,0,0,1,1,0,2,2,0,0,1,2,0,15.3
2,1,2,0,0,0,0,1,1,2,0,0,1,2,0,1,0,0,1,1,0,1,2,2,0,0,0,0,14.8
1,2,1,0,0,1,0,0,1,2,1,0,0,1,1,2,0,0,0,2,0,1,1,1,0,1,1,0,14.6
2,0,1,1,0,1,0,0,1,0,1,0,0,2,1,1,1,0,0,1,0,1,1,2,0,1,1,2,15.4
1,1,0,1,0,0,0,0,2,2,1,2,1,2,1,1,1,0,2,0,0,1,2,0,0,0,0,0,16.2
0,0,0,0,0,0,0,0,0,1,1,0,0,2,0,1,0,1,1,2,0,2,0,0,0,1,1,0,15.6
1,0,0,0,0,0,0,0,0,2,1,1,0,2,1,1,0,0,1,0,0,0,0,1,0,0,1,0,16.3
2,1,1,0,0,1,0,0,0,2,2,0,1,2,1,1,0,0,0,1,0,1,1,1,0,1,1,1,14.8
1,0,1,1,0,0,0,0,1,2,2,1,0,2,0,0,0,0,0,1,0,0,2,0,0,0,1,0,15.5
2,2,0,1,0,1,0,0,2,2,0,1,1,2,1,2,1,0,1,1,0,1,2,0,0,0,0,0,15.5
1,1,0,0,0,0,2,1,0,2,1,0,1,1,2,1,0,0,1,0,2,1,1,1,0,1,1,0,15.2
2,1,0,1,0,0,0,1,2,1,1,2,0,2,2,1,1,0,2,1,0,0,2,0,0,0,0,0,16
0,0,1,1,0,0,0,0,1,1,0,0,1,2,0,0,0,0,2,1,0,0,1,0,0,0,0,0,15.3
2,1,1,1,0,0,0,1,1,2,0,1,1,1,1,1,0,0,1,1,0,1,1,0,0,0,0,0,15
1,0,0,0,0,1,2,1,2,0,0,0,0,2,0,0,0,1,1,0,2,0,2,0,0,0,0,1,15.3
2,0,0,0,0,0,0,0,0,0,1,1,1,2,2,1,0,1,1,2,0,1,0,0,0,0,1,0,15
1,1,0,0,0,2,0,1,2,2,1,1,2,2,1,1,0,0,0,1,0,0,2,0,0,0,1,0,15.7
1,1,0,0,0,0,0,0,0,1,1,1,1,1,1,1,0,1,0,1,0,0,0,0,0,0,1,0,16.4
1,0,0,0,0,2,1,0,0,1,1,0,0,2,0,1,0,0,0,1,1,1,1,2,1,0,0,1,15.7
1,0,1,1,0,1,0,2,2,0,0,0,1,2,1,0,0,0,0,1,0,0,2,0,0,0,0,0,15.5
0,1,1,0,0,1,0,0,0,1,2,1,1,1,1,1,0,0,0,1,0,1,1,0,0,0,0,1,15.5
2,0,0,1,0,0,1,1,0,1,1,0,1,1,1,0,0,0,1,1,1,1,0,0,0,0,1,0,15.1
2,1,1,0,0,1,0,1,0,0,1,0,0,2,0,1,0,0,0,2,0,0,0,1,0,1,1,1,15.8
1,0,0,1,0,1,1,0,0,0,0,1,1,2,1,0,0,0,1,1,1,0,0,0,0,1,0,0,15.8
1,1,1,0,0,1,0,1,1,2,1,2,1,1,2,1,0,0,1,0,0,1,1,0,0,1,0,0,15.2
2,1,1,0,0,1,1,1,0,1,1,0,1,2,1,1,0,0,1,2,1,1,0,1,0,0,1,1,16.1
1,1,1,1,0,2,0,0,0,1,2,1,0,2,0,1,0,0,0,1,0,1,1,0,0,1,2,0,15.3
2,1,1,1,0,1,0,0,0,0,1,0,0,2,1,2,0,0,0,1,0,1,1,1,0,1,1,2,15.5
2,1,0,1,0,0,0,1,0,0,2,1,0,2,1,2,1,0,1,2,0,0,0,0,0,2,1,1,15.9
1,2,0,0,0,1,0,0,0,1,2,0,0,2,1,2,0,0,0,1,0,0,0,0,0,1,1,1,15.3
1,0,1,1,1,0,0,1,0,1,0,0,2,2,1,0,0,1,1,1,0,1,2,0,0,1,0,0,15.7
2,0,0,0,0,1,0,1,1,1,1,0,1,1,0,0,0,0,0,0,0,1,1,0,0,0,1,0,15.1
1,0,1,0,1,1,0,1,0,1,0,1,1,2,0,0,0,1,0,2,0,1,0,0,0,0,0,0,15.9
2,2,1,0,0,0,0,0,1,0,1,1,0,2,0,2,0,0,1,2,0,1,2,2,0,0,0,1,14.4
1,0,0,1,1,0,1,0,2,0,0,1,1,2,1,0,1,1,1,1,1,0,2,0,0,1,0,0,16.1
0,0,1,2,0,1,0,0,1,0,2,1,0,2,0,0,1,0,1,1,0,0,2,0,0,1,1,0,16
2,2,2,1,0,1,1,0,0,0,2,1,0,2,1,2,1,0,1,1,1,2,2,0,0,0,0,0,15.8
1,1,0,1,0,0,0,1,1,2,1,2,1,2,0,1,0,0,2,1,0,0,2,0,0,0,0,0,15.6
0,0,1,0,0,2,0,0,1,1,1,0,1,1,0,0,0,1,0,1,0,2,1,0,0,1,0,2,15
1,0,2,0,0,1,0,0,1,0,2,1,0,2,0,0,0,0,1,1,0,0,2,0,0,1,1,1,15.9
2,1,0,0,0,1,1,0,2,1,0,1,1,2,1,1,0,0,1,0,1,1,2,0,0,1,0,0,16.5
2,0,1,1,0,0,0,1,1,0,1,2,1,2,1,0,0,0,1,1,0,0,1,0,0,1,0,0,15.5
1,0,1,0,2,1,0,1,1,0,2,0,1,2,0,1,0,2,0,2,0,1,2,0,0,1,2,0,16
2,0,1,1,0,0,1,0,1,0,2,0,0,1,0,1,0,0,1,1,1,0,2,0,0,0,2,0,15.2
1,0,1,0,0,0,0,0,2,0,2,1,0,1,0,0,0,0,1,1,0,1,2,1,0,1,1,1,15.5
0,1,1,0,0,1,0,0,0,1,2,0,1,1,1,1,0,0,0,1,0,1,0,0,0,1,1,1,15.5
2,0,0,1,0,1,1,2,1,2,0,0,1,1,1,1,0,0,0,2,1,0,2,0,0,0,0,1,15.5
0,1,1,1,2,2,0,2,1,1,1,0,1,1,1,1,0,2,0,0,0,0,1,0,0,0,1,0,16.4
1,1,0,0,0,0,0,0,0,1,1,1,1,2,1,1,0,1,0,1,0,1,0,1,0,0,1,0,15.7
1,0,2,1,0,0,0,0,0,0,2,1,0,2,1,1,1,0,1,1,0,1,0,0,0,0,0,0,16.4
1,0,0,1,0,1,2,1,2,1,1,0,0,2,1,0,0,0,1,0,2,1,2,0,1,1,1,1,14.1
2,1,0,1,0,0,0,0,2,2,1,2,1,2,2,1,1,0,2,0,0,1,2,0,0,0,0,0,15.5
2,0,1,0,0,0,2,0,1,1,1,0,1,2,1,0,0,0,2,2,2,1,1,1,0,0,1,1,15.1
0,0,2,1,0,0,1,1,1,0,1,2,1,2,0,0,0,0,2,0,1,0,1,0,0,1,0,0,15.1
2,1,2,0,0,1,0,0,0,2,1,1,0,1,0,1,0,0,1,2,2,0,1,0,1,1,0,0,14.7
1,1,1,1,0,1,0,2,0,0,1,0,1,2,2,1,1,0,0,1,0,0,0,0,0,0,1,0,17.2
1,0,0,0,1,1,1,0,1,1,0,1,1,1,1,0,0,1,1,0,1,0,2,0,0,2,0,0,16.8
0,1,0,0,0,0,0,0,2,1,1,0,1,0,0,1,0,1,1,0,0,2,2,1,0,1,0,2,14.5
1,1,1,0,0,1,0,0,0,1,2,0,0,2,0,2,0,0,0,2,0,0,1,1,0,1,1,1,17.4
2,1,0,1,0,2,1,0,1,1,0,2,1,1,1,1,1,0,0,0,1,0,1,0,0,2,0,0,16.5
0,0,1,0,0,2,0,0,1,1,2,1,2,0,0,0,0,0,0,0,0,1,1,0,0,0,1,1,15.4
0,0,2,1,0,0,0,1,2,2,1,2,0,2,0,0,0,0,1,1,0,0,2,0,0,0,0,0,14.9
1,1,0,0,0,2,0,0,0,1,1,0,0,2,1,1,0,0,0,2,0,0,0,1,0,1,1,0,15.6
2,1,1,0,1,1,0,0,0,1,2,1,1,2,1,1,0,1,1,1,0,0,1,0,0,0,1,1,14.9
1,0,1,0,0,0,2,1,1,0,1,0,2,2,1,0,0,0,1,0,2,0,2,0,0,0,1,0,15.7
2,1,0,0,1,2,1,0,1,0,0,1,1,1,1,1,0,1,0,0,1,2,1,0,0,2,0,0,15.3
1,0,1,0,0,0,0,0,0,0,2,0,0,2,1,1,0,0,1,2,0,1,1,1,0,0,0,0,15.8
2,1,2,0,0,1,0,1,0,1,2,0,2,2,1,1,0,0,1,2,0,1,0,0,0,0,2,0,15.3
2,1,1,0,1,0,1,0,1,0,0,0,1,2,1,1,0,1,1,2,1,1,1,1,0,0,0,1,15.7
1,0,1,0,0,1,0,0,1,1,2,1,1,0,0,0,0,1,1,1,0,1,1,0,0,0,1,1,15.7
1,0,0,0,0,0,0,0,0,1,1,0,0,2,1,0,0,1,2,1,0,2,0,1,0,0,1,0,16.4
2,1,1,1,0,0,0,0,1,1,0,0,0,2,0,1,0,0,1,1,0,2,2,1,0,0,0,0,15
1,1,0,0,1,0,2,1,2,2,1,1,1,2,2,1,0,1,0,1,2,1,2,1,0,2,1,0,14.5
2,0,0,0,0,0,0,0,1,1,1,0,0,2,1,1,0,0,0,2,0,0,1,1,1,1,1,1,15.9
1,0,1,1,1,1,0,0,1,1,2,1,0,2,1,0,0,1,0,0,0,0,1,0,0,1,1,0,15.9
0,0,0,1,0,1,0,2,2,2,2,0,0,2,0,0,0,0,0,0,0,0,2,0,0,0,1,0,15.4
1,0,1,0,0,1,1,0,0,0,1,0,0,2,2,0,0,0,0,1,1,2,1,1,0,0,0,1,16.7
1,0,0,1,0,1,0,1,1,2,2,1,1,2,0,0,0,0,0,1,0,0,2,0,0,0,1,0,15.7
2,1,1,1,0,0,0,0,1,0,2,1,0,2,1,2,0,0,2,1,0,0,1,0,0,0,0,0,15.6
1,0,0,0,0,0,0,0,0,0,1,0,1,1,1,1,0,0,1,0,0,1,0,1,0,1,1,0,15.9
0,0,0,1,1,2,0,2,2,0,1,0,0,2,0,0,0,1,0,0,0,0,2,0,0,0,1,0,16
1,1,1,0,0,1,0,1,0,1,0,1,1,1,1,1,0,0,0,0,0,1,0,0,0,0,0,0,15
2,2,1,0,0,2,0,0,1,1,2,1,0,2,0,2,0,0,0,2,0,1,2,1,0,1,0,0,15.5
1,0,1,0,0,0,1,1,2,2,1,1,2,2,1,1,0,0,0,0,1,2,2,1,0,2,1,0,15.1
1,1,2,0,1,0,1,0,0,2,1,0,0,2,2,1,0,1,2,1,1,1,0,1,0,0,0,1,16.1
0,0,2,1,0,1,0,0,1,0,2,1,0,1,0,0,1,0,1,1,0,0,2,0,0,2,1,0,15.5
2,1,0,0,2,0,1,1,1,2,1,1,2,2,2,1,0,2,0,0,1,2,2,1,0,2,1,0,14.7
1,0,1,0,0,1,1,0,0,2,0,0,1,1,1,1,0,0,1,1,1,2,1,0,1,0,0,1,15.6
2,0,1,0,0,2,1,0,0,0,1,0,0,2,2,0,0,0,0,1,1,1,1,2,0,0,0,1,15.8
2,1,0,0,1,0,2,1,1,2,1,0,2,2,2,1,0,1,0,0,2,1,2,1,0,1,1,0,15.1
2,1,1,0,0,0,1,0,0,2,1,0,0,1,1,1,0,0,1,1,1,2,0,0,0,0,0,1,15
1,0,0,1,0,1,0,1,1,1,2,2,2,2,1,0,0,0,1,1,0,0,1,0,0,0,1,0,16.4
2,1,0,0,0,0,1,0,1,1,0,0,0,2,1,1,0,0,2,1,1,2,1,1,0,0,0,1,14.9
2,1,0,0,0,0,1,0,0,0,2,1,1,2,1,2,0,1,0,1,1,2,0,0,0,0,1,1,15.1
2,1,2,0,0,0,0,0,0,1,1,0,1,2,1,1,0,0,0,0,0,1,0,0,0,0,0,1,15.6
0,2,1,1,0,0,1,1,2,2,2,1,0,2,1,2,0,1,0,1,1,1,2,0,0,0,1,0,15
2,0,0,0,1,0,1,1,2,2,1,0,2,1,0,2,0,1,0,1,1,0,2,0,2,0,1,0,16
1,2,2,0,0,0,0,1,0,1,2,1,1,1,1,2,0,0,0,1,0,0,0,1,0,0,1,1,15.3
1,1,0,0,0,0,1,1,1,2,1,1,2,1,2,1,0,0,0,0,1,2,1,0,1,1,1,0,14.9
1,0,1,1,1,2,0,1,1,2,0,0,0,1,1,1,0,1,0,1,0,1,2,0,1,1,0,1,15.8
1,2,1,0,0,0,0,0,0,0,2,1,1,1,0,2,0,1,1,1,0,1,1,0,0,1,2,0,16.2
1,1,1,0,0,0,0,0,0,1,1,1,1,1,1,1,0,0,0,2,0,1,0,1,0,0,1,0,15.9
2,0,0,0,1,0,1,0,0,0,1,1,0,2,2,0,0,1,1,1,1,1,1,0,0,0,1,1,15.5
1,0,1,0,0,1,0,1,2,1,1,1,1,2,1,1,0,0,0,2,0,1,2,0,1,0,1,0,15.6
0,2,1,0,0,0,0,0,0,1,1,1,0,2,2,2,0,0,0,2,0,2,1,2,0,0,1,0,16.4
2,1,2,0,0,0,0,1,1,1,1,0,0,2,0,1,0,0,0,2,0,0,2,1,0,1,1,0,16.4
2,0,0,0,0,1,0,1,1,0,1,1,1,2,1,0,0,0,1,1,0,1,1,0,0,0,0,0,15.5
2,2,1,0,0,1,0,0,1,1,1,1,1,1,0,2,0,0,0,2,0,1,2,0,0,0,1,1,15.6
1,1,2,1,0,0,0,1,1,0,1,1,0,2,0,2,0,0,0,2,0,2,2,1,0,0,0,1,15.3
2,1,1,0,0,0,0,0,0,0,1,0,0,2,1,2,0,0,0,2,0,0,1,2,0,0,0,2,15.9
2,1,1,0,0,1,0,1,1,0,2,2,0,2,1,2,0,0,0,1,0,2,2,2,0,1,0,0,15.5
2,1,2,0,0,0,0,0,0,1,2,1,0,2,0,1,0,0,0,2,0,2,0,1,0,0,1,1,16.3
0,0,1,0,1,1,0,1,0,2,1,0,0,2,0,0,0,1,0,2,0,1,1,0,1,0,1,0,17.1
1,0,1,0,1,0,2,1,1,2,1,1,2,1,1,1,0,1,1,0,2,1,2,0,1,2,1,0,14.8
1,1,0,0,0,0,0,0,0,1,2,2,0,2,1,1,0,0,2,0,0,2,0,2,0,0,2,0,16
1,2,2,0,0,1,0,1,0,1,1,1,0,2,1,2,0,1,0,2,0,1,1,0,0,0,1,0,15.8
1,1,2,0,1,0,1,0,0,2,0,0,1,2,2,1,0,1,1,1,1,1,0,0,0,0,0,1,15.3
2,1,0,1,0,1,2,1,1,2,1,1,1,2,2,2,0,0,1,1,2,0,1,0,1,1,1,0,15.3
2,1,0,0,0,1,1,2,1,1,0,0,1,1,2,1,0,0,1,0,1,0,2,0,1,0,0,1,15.6
1,0,1,0,1,0,1,1,2,1,1,0,2,1,0,1,0,1,0,1,1,0,2,0,1,1,1,0,16.1
1,0,0,1,0,1,1,1,1,1,0,0,1,2,0,1,0,0,0,0,1,1,2,0,0,0,0,0,15.9
2,1,2,0,0,0,1,0,0,1,0,0,1,2,1,1,0,0,2,2,1,1,0,0,0,0,0,1,15.6
1,0,0,1,1,0,1,0,1,1,0,0,0,1,1,0,0,1,1,1,1,2,1,0,0,0,0,0,15.3
1,1,1,0,1,1,0,0,1,1,0,1,1,2,1,1,0,1,1,1,0,0,1,0,0,0,0,0,16.1
0,0,1,0,0,1,1,1,1,0,2,1,0,2,0,0,0,0,0,2,0,0,2,1,0,1,1,1,15.6
1,0,0,0,0,0,1,1,0,0,1,0,0,2,0,1,0,0,0,2,1,0,2,1,0,0,1,0,16.9
1,0,0,0,0,2,0,2,1,2,2,2,1,2,1,0,0,0,0,1,0,0,1,0,0,0,1,0,16.7
0,0,1,0,0,1,0,2,2,1,1,0,0,1,0,0,0,0,1,2,0,0,2,0,1,0,1,0,16.5
2,0,0,0,1,0,1,0,0,1,1,1,1,2,2,0,0,1,0,0,1,1,1,0,0,0,1,1,16.4
1,1,2,0,1,0,0,0,0,2,1,0,1,1,2,1,0,1,1,1,0,1,0,1,0,0,0,2,16.1
2,0,0,0,1,0,1,2,2,1,1,0,0,2,0,2,0,1,0,1,1,0,2,0,1,1,1,0,15.5
1,2,1,0,0,1,0,1,0,1,1,0,0,2,1,2,0,0,0,2,0,0,1,2,0,1,1,0,16.1
2,1,1,0,0,0,1,0,0,0,1,0,1,2,1,1,0,0,1,1,1,1,1,0,0,0,0,1,15.8
1,0,0,0,0,0,0,2,2,1,1,1,0,1,0,1,0,0,0,1,0,0,2,1,1,2,1,1,15.7
0,0,1,1,1,1,0,2,1,2,1,0,0,1,0,0,0,2,1,1,0,0,2,0,1,0,1,0,16
2,0,1,0,1,0,1,1,2,0,1,1,1,1,0,2,0,1,0,1,1,0,2,0,0,1,1,0,16.1
2,0,0,1,0,0,2,1,0,2,1,1,2,1,2,1,1,0,2,0,2,0,1,0,2,1,1,0,16.5
1,2,1,0,0,0,1,0,0,1,0,0,1,1,0,2,0,1,0,1,1,2,0,0,0,0,0,1,14.6
2,1,2,0,0,1,0,0,2,0,1,0,0,2,0,1,0,0,1,2,0,0,2,0,0,2,1,2,16
1,0,0,0,0,0,0,0,0,1,1,1,0,2,0,1,0,0,0,1,0,0,2,0,1,1,0,1,15.6
0,0,1,0,0,1,1,1,2,0,1,0,0,0,0,0,0,0,1,2,1,0,2,0,0,1,1,1,16
2,1,2,1,0,1,0,0,2,1,2,0,0,2,0,1,1,0,1,2,0,0,2,0,0,2,2,2,15.5
2,0,0,1,0,0,1,0,0,2,1,1,1,1,1,1,0,1,0,0,1,1,2,0,1,1,1,0,15.9
0,2,1,0,0,0,0,0,0,1,2,1,0,1,0,2,0,2,0,1,0,0,1,0,0,1,2,0,15.6
0,2,1,0,0,0,0,0,0,1,1,0,0,2,2,2,0,1,0,2,0,1,1,0,0,1,1,0,15.7
2,1,0,0,0,1,1,0,0,2,0,0,1,2,2,2,0,0,0,0,1,1,1,0,1,0,0,0,15.2
1,2,2,0,0,1,0,0,0,1,1,1,0,2,1,2,0,0,0,2,0,1,1,2,0,0,1,0,15.8
2,0,0,0,1,2,1,0,0,0,1,1,0,1,2,0,0,1,0,2,1,2,1,0,0,1,0,0,15.7
0,0,1,0,0,0,1,1,2,1,2,1,1,2,0,0,0,0,0,1,0,0,2,1,1,1,0,1,14.9
1,0,0,1,0,0,0,1,0,1,0,0,0,2,0,1,1,0,0,2,0,1,2,1,1,0,0,1,15.7
2,0,1,0,0,0,2,0,0,2,2,0,2,2,1,0,0,0,2,1,2,1,0,0,0,0,2,0,15.5
2,1,0,1,0,1,2,1,0,1,0,1,2,2,2,2,0,1,1,0,2,0,2,0,1,1,0,0,14.8
2,1,1,0,0,0,1,0,0,1,1,0,1,2,1,1,0,0,0,1,1,1,0,0,0,0,0,1,15.2
2,0,0,0,1,1,0,1,0,1,0,0,2,2,1,2,0,1,0,1,0,1,1,0,1,1,0,1,15
0,2,0,0,0,0,0,0,1,2,0,0,1,1,0,2,0,0,0,0,0,1,1,1,0,0,0,0,15.2
1,1,0,0,0,0,0,0,0,1,2,2,0,2,1,1,0,2,2,0,0,1,0,1,0,0,2,0,16
1,0,0,0,0,2,0,1,1,1,1,1,2,2,1,0,0,0,0,0,0,0,1,0,0,0,1,0,16.2
1,0,0,1,0,1,0,0,1,0,1,1,0,2,1,2,0,0,0,2,0,1,2,2,0,1,0,1,16.1
1,1,0,0,1,1,0,0,0,1,2,0,1,2,1,1,0,1,0,1,0,2,1,1,0,0,0,2,15.2
2,0,0,0,0,1,1,0,0,1,2,0,0,2,1,1,0,0,0,2,1,1,2,2,1,1,1,1,15.6
1,1,1,0,0,0,0,0,0,1,1,1,0,2,1,1,0,0,0,2,0,2,1,1,0,0,1,0,15.9
1,1,1,0,1,2,1,1,1,1,1,1,1,2,1,1,0,1,0,0,1,1,1,0,0,0,1,0,15.8
2,1,0,0,0,0,0,0,1,0,0,0,0,2,0,1,0,0,1,2,0,1,2,2,0,0,0,2,15.3
1,1,1,0,0,1,0,0,2,0,1,1,0,2,0,2,0,0,0,2,0,0,2,1,0,1,0,1,15.6
1,1,1,1,0,0,1,0,0,0,2,1,0,2,0,2,1,0,2,0,1,1,1,0,0,0,0,0,15.5
2,0,0,0,0,1,1,1,1,1,0,0,1,2,1,0,0,0,1,1,1,1,1,1,0,0,0,1,16
1,1,0,0,0,0,0,0,0,1,0,1,0,2,1,1,0,2,2,0,0,0,0,2,0,0,0,0,15.9
2,0,0,1,1,1,0,0,0,0,1,1,1,2,1,0,0,1,1,2,1,1,1,0,0,1,0,0,15.8
0,1,1,0,0,0,1,2,0,2,1,0,1,2,1,1,0,0,0,1,1,1,1,1,0,1,1,0,15.1
1,0,0,0,0,1,0,0,1,1,1,0,0,2,0,1,0,0,0,2,0,0,1,2,1,1,1,1,15.8
1,0,2,0,0,1,0,2,2,1,1,1,0,2,0,0,0,0,1,1,0,0,2,1,1,1,1,0,16.6
1,1,1,1,1,1,0,1,0,1,0,1,0,2,1,1,0,1,1,0,0,0,1,0,0,0,0,0,16.1
1,2,2,0,1,0,1,0,0,1,1,0,2,2,1,2,0,1,1,2,1,2,0,0,0,0,0,1,15.1
2,1,2,0,0,0,0,1,1,1,2,0,1,1,0,1,0,0,0,2,0,0,1,0,0,1,1,1,15.6
1,0,1,0,0,1,2,1,2,1,2,1,1,2,1,1,0,0,0,2,2,1,2,0,1,0,2,0,16
0,0,1,1,0,0,0,1,0,0,0,1,0,2,0,2,1,0,0,1,0,1,2,0,0,1,0,0,16.1
1,1,1,0,0,1,0,1,1,0,1,0,0,2,0,2,0,0,0,2,0,1,2,2,0,1,1,2,15.8
2,1,0,0,0,2,0,1,1,1,2,2,2,2,1,1,0,0,0,0,0,0,1,0,0,0,1,0,16.6
1,1,0,0,0,1,0,0,1,1,1,0,0,2,0,2,0,0,1,2,0,0,2,0,0,1,1,2,14.9
2,0,0,0,1,1,1,0,0,1,1,1,1,2,2,0,0,1,0,1,1,2,0,0,0,0,1,0,15.6
2,0,0,1,0,1,0,0,2,1,1,0,0,1,0,1,1,0,0,2,0,2,2,2,1,0,1,0,16.5
2,1,2,0,0,0,0,0,0,1,1,0,0,1,0,1,0,0,0,2,0,2,0,1,0,1,1,0,15.8
2,1,1,1,0,1,0,0,2,1,1,0,0,2,0,1,1,0,0,2,0,0,2,0,0,1,1,2,14.8
2,2,2,0,0,1,0,1,1,0,1,1,0,2,0,2,0,0,0,2,0,1,2,2,0,0,0,1,16.7
2,1,2,0,0,1,0,1,0,1,1,0,1,2,2,1,0,0,1,2,0,1,0,1,0,0,1,1,15.8
1,1,1,1,1,1,0,1,1,1,1,1,2,2,2,1,0,1,1,0,0,0,1,0,0,0,1,0,16.2
0,1,1,1,0,0,0,0,0,2,2,2,0,2,0,1,0,0,1,1,0,0,2,0,0,0,0,0,16.2
2,1,1,0,1,0,0,0,0,0,1,1,1,2,0,1,0,1,0,0,0,2,0,0,0,0,1,0,16
1,0,1,0,1,0,0,2,2,1,1,0,0,2,1,1,0,1,0,2,0,0,2,0,1,0,1,0,15.9
1,1,1,0,0,0,0,1,1,1,2,0,0,2,1,1,0,0,0,1,0,1,1,0,0,0,1,1,15
2,1,2,0,0,0,0,1,0,1,1,0,0,2,2,1,0,0,0,2,0,1,1,1,0,1,1,0,15.7
0,2,0,1,0,0,0,1,1,2,1,0,1,1,1,2,0,0,1,1,0,0,1,0,0,0,0,1,15.5
1,1,0,0,0,0,0,0,0,1,2,2,0,2,1,1,0,1,2,0,0,1,0,2,0,0,2,0,15.9
1,0,0,0,1,1,0,0,1,0,0,1,0,1,0,0,0,1,1,2,0,2,1,0,0,1,0,0,15.6
1,0,1,1,0,1,0,2,2,1,2,1,0,2,0,0,0,0,1,1,0,0,2,0,0,0,1,0,16.3
0,2,1,0,0,0,0,1,1,2,1,1,0,2,1,2,0,0,1,1,0,0,1,0,0,0,1,1,14.8
1,0,1,0,2,0,2,2,0,2,1,0,1,1,1,1,0,2,0,1,2,0,1,0,1,0,1,0,14.9
1,0,0,0,0,0,0,1,0,1,1,0,0,2,0,1,0,0,0,1,0,1,1,2,1,0,0,1,16
2,1,0,1,0,2,1,1,1,2,0,0,2,1,1,1,0,1,0,0,1,0,2,0,2,0,0,0,15.9
1,1,0,1,0,0,0,1,1,1,1,1,0,2,1,1,0,0,2,1,0,0,2,0,0,0,1,0,15.6
2,1,0,0,0,1,0,0,2,0,2,1,0,2,0,1,0,0,0,2,0,0,2,0,0,1,1,1,16
2,0,0,1,1,1,0,1,1,0,1,1,0,2,1,0,0,1,0,2,0,1,2,0,0,0,0,0,15.6
0,0,1,0,0,0,1,0,2,1,2,2,1,2,0,0,0,0,0,2,0,1,2,1,1,1,2,0,15.7
1,1,1,1,0,1,0,0,1,0,2,1,0,2,0,2,1,0,0,2,0,0,2,0,0,2,1,1,15.9
1,1,1,0,0,1,0,0,1,0,1,0,0,2,0,2,0,0,0,2,0,0,1,2,0,0,0,1,15.1
2,1,1,0,0,1,1,0,1,0,0,0,0,2,1,2,0,0,0,1,1,1,1,2,0,0,0,1,14.6
2,2,1,0,0,0,0,0,1,0,2,1,0,2,0,2,0,0,1,2,0,1,2,2,0,1,1,1,16.1
0,2,1,0,1,0,0,0,0,1,2,1,1,1,1,2,0,1,1,1,0,1,0,1,0,0,1,1,16.3
1,0,1,1,2,0,0,1,0,1,0,0,2,2,1,0,0,2,1,1,0,1,1,0,0,0,0,1,15.6
2,1,1,0,0,0,0,0,0,0,1,1,1,2,1,1,0,0,1,0,0,2,1,0,0,0,1,1,15.5
1,0,1,0,1,0,1,1,2,2,1,1,1,1,0,1,0,1,0,2,1,0,2,0,2,2,1,0,15.8
1,0,0,0,1,1,1,1,1,1,1,0,0,2,0,1,0,1,0,1,1,0,2,1,1,0,1,0,15.7
0,2,1,0,0,1,0,0,0,1,2,1,1,1,1,2,0,0,0,1,0,1,1,1,0,0,1,1,15.2
1,2,2,0,0,0,1,0,0,1,1,0,2,1,1,2,0,1,1,1,1,1,0,0,0,0,0,1,15.2
2,0,0,0,0,1,0,0,0,0,1,1,0,2,0,1,0,0,0,2,0,1,2,2,0,0,0,1,15.1
2,1,2,0,0,0,1,0,0,2,0,0,2,1,1,1,0,1,1,2,1,2,0,0,0,0,0,1,15.6
1,0,1,0,0,0,0,2,2,1,1,1,0,1,0,1,0,0,0,2,0,0,2,1,1,1,1,0,15.8
1,1,1,0,0,0,0,0,0,2,1,0,1,1,1,1,0,0,0,0,0,2,1,0,0,0,0,2,14.7
1,1,1,0,0,1,1,0,1,0,1,0,0,2,0,2,0,0,0,1,1,1,1,2,0,1,1,1,15.2
2,1,1,0,0,1,0,0,1,2,0,0,0,1,0,1,0,0,1,2,2,0,1,0,1,1,0,0,14.9
1,1,2,0,0,1,0,0,0,1,1,1,0,2,1,1,0,0,0,2,0,2,1,1,0,0,1,0,16.1
2,1,2,0,0,1,0,1,0,1,1,1,0,2,0,1,0,1,0,2,0,0,1,2,0,0,1,0,16.5
0,0,0,1,0,0,0,0,0,1,1,1,0,2,0,2,1,0,0,1,0,0,2,2,1,1,0,0,15.9
2,1,2,0,1,0,0,0,0,1,1,1,0,2,1,1,0,1,1,1,0,1,0,0,0,0,1,0,16.1
2,1,0,0,0,0,0,0,0,0,1,0,0,1,1,2,0,1,1,1,0,2,0,0,0,0,0,1,15
2,1,1,0,0,0,1,0,0,0,1,1,2,1,1,2,0,1,0,1,1,2,0,0,0,0,1,1,15.9
1,0,1,1,0,1,0,2,2,1,1,1,1,2,0,0,0,0,0,1,0,0,2,0,0,1,1,0,16
1,1,1,0,0,1,0,1,1,1,2,1,0,2,0,2,0,0,0,2,0,1,2,1,1,1,1,1,16.3
2,1,0,1,0,1,0,2,1,2,0,0,1,2,2,2,1,1,0,0,0,0,2,0,1,0,0,0,15.4
2,0,0,0,0,0,1,1,0,1,2,0,1,2,2,0,0,0,2,1,1,1,0,0,0,0,2,0,15.6
2,1,0,0,0,0,0,0,0,0,2,1,0,2,0,1,0,0,1,2,0,1,2,1,0,1,1,1,16.5
2,0,0,0,1,1,0,1,1,0,1,1,1,2,1,0,0,1,0,2,0,1,1,0,0,1,0,0,15.1
1,1,2,0,0,0,1,0,0,1,0,0,2,1,2,1,0,1,1,2,1,1,0,1,0,0,0,1,15.4
1,1,0,0,1,0,2,2,1,2,1,1,2,1,1,1,0,1,0,1,2,0,1,0,0,1,1,0,15.1
1,1,1,1,1,1,1,1,1,1,1,1,2,2,1,1,0,1,1,0,1,1,2,0,1,0,1,0,16.8
2,0,0,1,0,1,0,1,2,1,0,2,0,2,1,0,0,0,1,2,0,0,2,0,0,0,0,0,16.2
1,0,0,0,0,1,0,1,0,2,1,1,0,1,1,0,0,0,1,1,0,1,1,0,1,1,0,0,15.1
1,0,0,1,0,1,0,1,1,0,1,1,1,2,1,0,0,0,1,1,0,1,2,0,0,1,0,0,15.6
1,0,0,0,1,1,1,0,2,0,2,2,0,2,0,1,0,1,0,1,0,1,2,1,0,1,1,0,15.9
1,1,0,1,0,0,0,1,1,2,2,1,0,2,0,1,0,0,1,1,0,0,2,0,0,0,1,0,15.1
0,0,1,0,0,1,1,1,2,1,1,1,0,1,0,1,0,0,0,2,1,1,2,0,1,1,1,0,15.8
1,0,1,0,1,0,0,1,2,0,1,1,2,1,0,1,0,1,0,1,0,0,2,0,0,1,1,0,16.2
2,0,1,1,1,1,0,1,1,0,2,0,1,2,1,0,0,1,1,0,0,0,1,0,0,0,2,0,16.1
1,1,1,1,1,1,1,1,1,2,0,1,0,2,2,1,0,1,1,0,1,1,2,0,1,0,0,0,15.7
1,1,2,0,0,1,0,1,0,1,1,0,0,2,1,1,0,1,0,2,0,1,1,2,0,1,1,0,16.9
2,0,0,1,0,0,1,0,0,2,0,0,0,1,2,1,1,1,1,0,1,1,2,0,1,0,0,0,15.3
1,0,0,2,1,1,0,1,1,1,1,0,1,1,0,1,0,2,1,0,0,1,1,0,0,0,1,0,15.9
1,2,2,0,0,1,0,0,0,0,2,0,1,1,1,2,0,0,0,1,0,2,1,1,0,0,0,2,15.1
0,0,1,0,0,0,1,0,0,1,2,1,0,2,0,0,0,0,0,1,0,1,1,0,1,1,1,1,15.2
2,0,0,0,1,0,0,2,2,1,1,0,1,1,1,2,0,1,0,1,0,0,2,0,1,0,1,0,16
1,1,0,1,0,0,0,1,1,2,1,1,1,2,0,1,0,0,1,1,0,0,2,0,0,0,1,0,15.9
2,1,1,0,0,0,0,0,0,2,2,1,1,2,1,1,0,1,0,1,0,2,2,1,0,0,1,1,14.9
1,1,1,0,0,1,0,0,0,1,1,0,0,0,0,1,0,0,0,0,0,2,0,1,0,2,0,1,14.4
1,1,2,0,0,2,1,0,0,1,0,0,0,2,2,1,0,0,0,1,1,1,0,1,0,0,0,1,15.7
2,1,0,0,0,1,0,1,1,0,2,1,0,2,0,1,0,0,0,2,0,1,2,2,0,1,1,1,16.5
1,1,1,0,0,1,1,0,1,0,0,0,0,2,2,1,0,0,0,1,1,1,1,1,0,0,0,1,15.6
2,1,1,0,0,1,0,1,1,1,0,1,0,1,1,1,0,0,0,2,1,0,1,0,0,0,0,0,15.5
1,1,1,0,0,0,0,0,0,1,2,1,1,2,2,1,0,1,1,1,0,1,0,1,0,0,2,0,15.7
2,1,1,2,0,1,1,1,1,0,1,1,0,1,1,1,1,0,1,0,1,0,1,0,0,0,0,0,15.5
2,0,0,0,0,0,0,2,2,1,1,0,0,2,0,1,0,0,0,1,0,0,2,0,0,0,1,0,16.6
1,0,0,1,0,1,0,1,2,0,1,0,0,1,0,1,0,0,1,2,0,0,2,0,0,1,1,1,16
1,2,1,0,0,0,0,0,1,1,1,0,0,2,1,2,0,1,1,1,0,1,2,1,0,0,0,1,15.5
2,0,0,0,0,2,1,1,2,1,1,1,2,2,1,1,0,1,0,1,1,0,2,0,1,1,1,1,16
1,0,0,1,0,1,0,1,0,1,0,0,1,1,1,1,1,0,1,1,0,1,1,0,1,0,0,0,16.4
2,1,2,0,0,0,0,1,1,1,1,1,0,2,0,1,0,2,0,2,0,1,2,1,0,0,1,0,14.5
1,1,0,0,0,0,1,0,0,1,0,0,0,2,1,1,0,1,0,1,1,2,0,0,0,0,0,1,15.4
0,0,0,0,0,1,1,1,2,1,2,1,0,1,0,1,0,0,0,2,1,1,2,0,1,1,2,0,16.6
0,0,0,0,1,1,1,1,2,0,2,2,0,2,0,1,0,1,0,2,1,1,2,1,0,1,2,0,15.9
0,0,1,0,1,1,1,1,2,0,2,1,0,2,0,0,0,1,0,1,0,0,2,0,0,1,1,1,16
2,1,0,0,0,2,0,2,1,1,1,2,2,2,2,1,0,0,0,1,0,0,1,0,0,0,0,0,16
1,0,1,0,1,0,1,2,2,2,1,1,1,1,0,1,0,1,0,2,1,0,2,0,2,1,1,0,15.9
1,1,0,0,0,0,1,0,0,0,2,1,0,2,0,2,0,0,2,2,1,1,0,1,0,0,1,0,16.2
1,1,1,1,0,0,0,1,0,0,1,0,0,2,0,2,0,0,0,2,0,1,2,2,0,1,1,2,16.2
1,0,0,0,0,1,2,1,2,1,0,0,1,2,1,0,0,1,1,1,2,0,2,0,1,0,0,1,15.3
1,0,0,0,1,0,0,0,1,1,1,0,1,2,0,1,0,1,1,2,0,2,2,0,0,0,1,1,16.1
2,1,2,0,0,0,0,0,0,0,1,0,0,2,0,1,0,0,0,2,0,1,2,2,0,0,0,1,16.6
0,0,0,1,0,1,0,0,0,0,1,1,0,2,0,2,1,0,0,1,0,0,2,2,0,1,0,1,15
0,0,0,0,1,0,1,1,2,1,2,1,0,2,0,1,0,1,0,2,1,1,2,0,1,1,2,0,15.7
2,1,1,0,0,0,0,1,0,2,0,0,0,2,0,1,0,1,0,1,0,1,1,1,0,0,0,0,14.9
0,0,1,0,0,1,0,1,2,0,1,0,0,1,0,0,0,0,1,2,0,0,2,0,0,1,1,1,15.9
1,1,1,0,0,1,0,1,0,2,1,0,1,2,0,1,0,1,0,2,0,1,2,0,0,0,1,1,15.6
1,1,0,0,0,0,0,0,0,0,1,1,1,1,2,1,0,0,0,2,0,2,0,0,0,0,1,1,16.2
2,1,1,0,0,0,1,0,0,0,1,1,0,2,0,1,0,0,0,1,1,1,1,2,0,1,0,1,14.3
2,0,0,0,1,0,1,2,2,1,1,1,0,2,0,2,0,1,0,1,1,0,2,0,1,2,1,0,16.3
1,0,1,1,0,1,0,0,0,1,1,0,0,2,0,1,1,0,0,1,0,1,1,1,1,1,1,2,15.5
1,2,1,0,0,0,0,0,1,1,2,1,0,2,1,2,0,1,1,2,0,1,1,1,0,1,2,1,15.4
2,1,0,1,0,2,1,1,1,2,1,1,1,2,1,1,1,0,0,1,1,0,2,0,2,1,1,0,16.3
1,2,1,0,0,0,0,0,0,2,1,1,1,2,1,2,0,1,0,1,0,2,1,1,0,0,1,1,15.2
2,2,0,0,0,2,0,0,1,1,2,1,0,2,1,2,0,0,0,1,0,1,2,1,0,0,0,1,15.6
2,1,0,0,0,1,1,0,1,1,1,0,0,2,0,2,0,0,1,1,1,1,1,1,1,1,1,2,16.1
1,1,1,2,1,2,1,2,0,1,1,0,1,1,1,1,1,1,0,1,1,0,0,0,0,0,1,0,16.6
2,0,1,0,1,1,0,1,1,0,2,0,0,2,0,1,0,1,1,2,0,0,2,0,0,0,2,0,16.8
0,2,0,0,0,0,1,1,2,1,2,1,0,2,0,2,0,1,1,0,1,1,2,0,0,0,1,1,15
2,0,0,1,0,0,0,2,1,1,0,0,2,2,1,0,0,0,0,0,0,0,1,0,0,1,0,0,15.5
0,0,1,1,1,1,0,0,2,1,1,0,1,2,0,0,0,1,0,1,0,1,2,0,0,0,1,0,15.4
1,0,1,1,1,1,0,0,2,1,2,1,0,2,0,0,0,2,0,2,0,1,2,1,0,2,0,0,15.7
1,2,0,0,0,1,0,0,0,1,2,0,1,2,0,2,0,0,1,1,0,2,1,1,0,0,1,2,15.4
2,0,1,1,0,1,1,0,2,2,1,0,0,2,0,1,0,0,0,1,1,1,2,0,0,0,1,0,15.3
1,0,0,0,1,0,0,1,1,1,1,0,1,2,0,1,0,1,2,1,0,0,2,1,0,0,1,0,16.5
1,1,1,0,0,1,0,0,1,0,1,0,0,2,0,2,0,0,0,2,0,1,2,2,0,1,1,2,16.3
2,0,1,0,0,1,0,1,0,1,0,0,0,2,0,0,0,0,0,1,0,1,2,1,1,0,0,1,15.1
2,1,0,1,0,0,1,1,1,1,1,1,0,2,0,2,0,0,1,1,1,2,1,1,1,0,1,0,15.8
1,2,2,0,0,1,0,0,0,2,1,1,1,2,1,2,0,0,0,1,0,2,1,1,0,0,1,0,14.6
2,1,1,1,1,1,1,0,2,0,2,0,1,2,0,1,0,2,1,2,1,0,2,1,0,0,1,0,16.5
1,1,0,0,0,0,0,0,0,1,0,0,1,1,2,1,0,0,0,2,0,1,0,0,0,0,0,1,16.4
2,1,1,1,1,1,1,0,1,2,2,2,1,2,0,1,0,2,0,0,1,1,1,1,0,1,1,0,15.9
0,0,1,0,0,1,1,1,2,1,2,1,0,1,0,1,0,0,0,2,1,1,2,0,1,0,2,0,16.3
2,2,1,1,1,1,0,0,0,1,1,0,0,2,1,2,0,1,1,1,0,1,0,0,0,1,1,2,15.2
0,0,1,1,0,0,1,1,1,2,2,1,0,2,0,0,0,1,2,2,1,0,1,0,0,2,2,0,15.8
1,0,0,0,0,1,0,0,2,2,2,2,0,2,0,1,0,2,0,1,0,1,2,0,0,1,2,0,16.5
0,2,1,0,0,1,0,0,0,2,1,1,1,2,2,2,0,1,0,1,0,2,1,1,0,0,1,1,14.9
1,0,1,2,1,0,0,2,0,1,1,0,1,1,0,0,0,1,1,1,0,0,1,0,0,0,1,0,15.3
2,1,0,0,0,0,0,0,0,1,0,0,1,2,1,2,0,0,1,1,0,2,0,0,0,0,0,1,15.6
2,1,1,1,0,0,1,0,1,1,2,1,0,2,0,1,0,1,1,0,1,1,1,1,0,0,2,0,16.1
0,0,1,0,0,1,0,0,1,1,2,1,2,1,0,0,0,2,1,0,0,1,1,1,0,1,1,1,15.8
2,1,0,0,0,1,2,2,1,1,0,0,2,1,2,1,0,1,1,1,2,0,2,0,0,0,0,0,16.7
2,1,1,2,0,0,1,0,0,1,2,0,0,2,1,1,2,0,2,1,1,2,0,1,0,1,1,1,16.1
1,0,1,0,0,0,1,0,0,1,0,0,0,2,0,1,0,0,0,1,1,1,2,2,1,0,0,1,15.5
1,0,0,0,1,2,0,1,1,1,0,1,1,2,1,0,0,1,0,0,0,0,2,0,0,0,0,0,16.4
2,1,0,0,0,0,0,0,0,1,2,1,1,1,1,1,0,1,1,1,0,1,0,1,0,0,2,0,15.8
0,0,1,0,0,1,1,1,1,1,2,1,0,1,0,0,0,1,1,2,1,0,2,0,0,1,2,0,16
1,1,0,0,0,0,0,0,1,0,1,2,1,1,2,1,0,1,0,1,0,1,1,1,0,0,1,0,16.7
1,0,0,1,1,1,0,1,1,1,1,1,2,2,0,0,0,1,1,0,0,0,2,0,1,0,1,0,17.2
2,0,0,1,0,1,0,2,0,1,0,0,1,1,0,0,0,0,0,1,0,0,0,0,0,0,0,0,16.2
0,1,0,0,0,0,0,0,1,0,1,1,1,1,0,2,0,1,1,1,0,1,1,0,0,0,1,1,15.6
2,1,1,1,0,1,0,1,1,2,1,1,1,1,0,1,0,0,1,1,0,1,1,0,1,0,1,0,15.1
0,2,1,0,0,0,1,0,1,1,0,0,0,2,1,2,0,0,0,0,1,2,1,1,0,0,0,0,15.8
2,1,0,1,0,1,0,2,1,1,2,1,2,2,2,1,0,0,1,2,0,0,1,0,0,0,2,0,16.1
0,0,1,0,0,0,1,1,1,1,2,1,2,2,0,0,0,1,2,2,0,0,1,0,0,1,2,0,15.3
2,1,0,0,1,2,0,0,0,0,2,1,0,2,2,1,1,1,0,1,0,1,1,0,0,1,1,0,15.9
0,0,1,0,0,2,0,0,1,1,2,1,2,1,0,0,0,1,0,0,0,2,1,0,0,0,1,1,15.7
2,2,1,0,0,0,0,0,0,2,2,0,2,1,0,2,0,1,1,2,0,0,0,1,0,0,1,1,14.8
2,0,0,0,0,0,1,0,2,2,2,2,0,1,0,1,0,1,1,1,0,0,2,0,1,2,0,0,15.1
2,1,0,2,0,0,1,2,1,2,1,1,2,1,2,1,1,0,2,0,1,0,1,0,2,1,1,0,16
1,0,0,1,0,1,2,1,1,2,2,2,2,2,0,1,0,1,1,2,2,0,2,0,0,2,1,0,16
1,0,0,0,0,2,1,1,2,0,2,1,0,2,0,1,0,0,0,1,1,1,2,0,0,0,1,0,16
1,2,1,0,0,0,0,0,0,2,1,1,1,2,1,2,0,0,0,1,0,2,1,1,0,0,1,0,15.5
0,1,1,0,0,1,0,0,0,0,0,0,0,2,0,2,0,0,0,1,0,0,2,2,0,1,0,2,15.6
2,0,0,1,1,1,0,1,1,1,0,0,1,2,0,1,0,2,0,1,0,1,2,0,0,0,0,1,16.1
1,0,1,1,1,1,1,0,2,1,2,1,0,1,0,0,0,2,1,2,1,0,2,1,0,1,2,0,15.9
1,0,0,1,0,1,0,2,0,0,1,1,1,1,0,1,0,0,0,1,0,0,2,0,0,0,0,0,16.6
1,0,1,0,1,1,2,1,2,1,2,1,0,1,1,1,0,1,0,2,2,1,2,0,1,1,2,0,16.3
0,0,1,0,0,1,0,0,2,1,1,0,2,1,0,0,0,1,0,1,0,0,2,0,0,0,0,2,16
2,0,0,2,0,1,1,2,2,2,0,0,2,2,1,1,1,0,1,1,1,0,2,0,2,0,0,0,16.1
1,0,1,0,0,0,0,0,1,1,1,1,1,1,0,0,0,1,1,1,0,2,1,1,1,0,1,0,15.5
0,0,0,1,0,0,1,1,1,1,2,2,0,2,0,0,0,1,1,2,1,0,1,0,1,2,1,0,15.6
1,1,0,0,0,0,0,0,0,1,1,1,0,2,1,1,0,1,1,1,0,1,0,0,0,0,1,0,16.4
0,0,1,1,1,1,2,1,1,2,1,0,2,1,0,0,0,1,1,2,2,0,2,0,0,0,1,0,15.8
2,0,0,1,1,1,1,0,2,1,1,0,0,2,0,1,1,1,0,1,1,1,2,1,0,1,1,1,15.5
2,0,0,1,0,0,2,1,0,1,1,0,2,2,1,1,1,1,1,0,2,0,2,0,1,0,1,0,16.4
1,1,2,1,0,0,1,0,0,0,0,0,0,2,0,1,1,0,0,2,1,1,2,2,0,2,0,2,14.9
2,1,2,0,0,1,0,0,1,2,2,1,1,1,0,1,0,1,0,2,0,2,1,1,0,1,1,1,15.8
2,0,0,0,0,1,0,1,1,1,1,0,0,2,0,2,0,0,1,1,0,1,2,1,1,1,1,1,16.2
2,2,1,1,0,0,1,0,1,0,2,0,0,2,0,2,0,0,1,2,1,1,1,2,0,0,0,1,16
1,0,0,1,0,1,0,2,1,1,2,1,1,2,1,0,0,0,1,1,0,0,1,0,0,0,1,0,16.1
1,0,1,1,0,1,1,1,2,2,0,0,1,2,0,0,0,1,1,0,1,1,2,0,1,0,0,1,15.3
0,2,2,0,0,0,0,1,0,1,2,1,1,1,2,2,0,1,0,2,0,1,0,1,0,0,1,1,16.6
0,2,2,2,0,1,1,2,1,0,1,0,2,2,2,2,1,0,0,1,1,0,1,0,0,0,1,2,15.8
1,0,1,0,1,1,2,0,1,0,2,2,0,1,0,0,0,1,1,2,1,0,1,0,0,1,1,0,15.7
2,2,0,0,0,0,1,1,0,1,1,0,1,1,0,2,0,0,0,2,1,1,1,1,0,1,1,0,15.1
0,0,0,0,0,2,1,1,2,2,1,0,0,2,0,0,0,0,0,2,1,1,2,0,0,0,1,0,15.8
2,1,1,1,0,0,0,0,1,2,2,1,0,1,0,1,0,1,1,1,0,0,1,1,0,0,2,0,15.6
2,1,2,1,0,0,1,0,0,0,0,1,0,2,0,1,1,0,0,1,1,1,2,2,0,1,0,1,14.7
1,0,0,1,0,1,1,0,2,2,1,0,2,2,0,0,0,0,1,0,1,1,2,0,1,1,1,1,14.4
1,1,1,1,0,1,0,0,1,1,1,0,0,2,0,1,1,0,0,2,0,0,2,1,0,1,1,2,15.4
0,1,0,0,0,0,0,0,1,0,2,2,0,2,1,2,0,0,0,1,0,1,1,0,0,0,2,0,15.8
0,1,1,1,0,1,0,2,0,1,0,1,1,1,1,1,0,0,0,0,0,0,0,0,0,1,0,0,16
1,0,0,0,0,1,1,1,1,1,1,0,0,1,0,1,0,1,1,2,1,0,2,1,0,0,1,0,15.7
0,2,1,0,0,0,0,0,0,1,1,0,0,2,2,2,0,0,0,2,0,1,1,1,0,1,1,0,15.5
2,1,1,0,0,1,0,0,1,0,1,1,0,2,1,2,0,0,0,2,0,1,2,2,0,1,0,1,15.7
2,1,1,0,0,0,1,0,1,1,1,0,1,2,1,1,0,0,2,2,1,1,1,1,0,0,0,1,15.8
1,1,1,0,0,0,1,0,0,0,0,0,0,2,2,1,0,0,2,1,1,1,0,1,0,0,0,1,15.9
1,1,1,0,0,0,1,1,0,2,1,0,1,1,1,1,0,0,0,2,1,1,1,0,0,1,1,0,14.8
0,0,0,1,0,1,0,1,2,1,1,1,1,2,0,0,0,0,0,0,0,0,2,0,0,0,0,0,15.7
1,2,2,0,0,0,0,0,0,1,1,0,1,1,1,2,0,1,0,2,0,2,0,0,0,1,1,0,16.6
1,0,0,2,1,1,0,1,2,2,1,0,0,2,0,1,0,2,0,0,0,0,2,0,1,0,1,0,16.6
1,0,0,1,0,1,0,2,1,0,1,2,0,2,1,0,0,0,0,1,0,0,1,0,0,1,0,0,16.9
1,1,1,1,0,0,0,0,2,2,2,2,1,2,0,1,0,0,1,1,0,0,2,0,0,0,0,0,16.7
1,0,1,1,0,1,0,2,2,1,2,1,0,2,0,0,0,0,1,1,0,0,2,0,0,1,1,0,15.6
1,0,1,0,1,1,0,0,1,2,2,1,1,2,0,1,0,2,1,1,0,1,1,0,1,1,2,0,16
1,1,1,1,0,1,1,0,1,0,2,1,0,2,0,2,0,0,1,0,1,2,1,0,0,0,0,0,14.7
0,2,1,0,0,1,0,0,1,1,1,0,0,2,2,2,0,1,0,1,0,1,1,0,0,0,1,1,15.4
0,1,0,0,0,0,0,0,1,1,1,1,1,1,1,2,0,0,0,2,0,1,1,1,0,0,1,0,15.7
1,1,0,0,0,1,0,0,0,2,2,0,0,1,1,1,0,0,0,1,0,1,0,1,0,1,1,1,15.9
2,1,0,1,0,1,0,1,1,1,1,0,0,2,0,2,0,0,0,1,0,1,2,1,1,1,1,2,16.1
2,0,0,0,1,0,1,2,2,1,1,0,0,2,0,2,0,1,0,1,1,0,2,0,1,0,1,0,16.7
0,0,1,0,0,1,0,1,1,1,2,2,1,2,0,0,0,1,1,1,0,0,2,0,0,2,1,0,15.7
2,1,0,1,0,1,1,2,1,1,0,0,1,1,1,1,1,1,1,1,1,0,1,0,0,0,0,0,16.2
2,0,0,0,0,1,1,0,1,1,1,1,0,0,1,1,0,0,1,2,1,1,1,0,0,0,0,0,15.8
1,0,0,1,0,0,0,0,1,1,1,0,1,2,0,0,0,1,1,2,0,2,2,0,0,0,1,1,15.3
2,0,1,1,0,0,1,0,2,1,1,0,0,1,0,1,0,0,0,1,1,0,2,1,1,2,1,1,14.9
1,0,1,1,0,1,0,1,2,1,2,1,0,2,1,0,0,0,0,1,0,0,2,0,0,0,1,0,15.8
0,0,0,0,0,1,1,1,2,1,2,1,0,1,0,1,0,0,0,2,1,1,2,0,1,1,2,0,15.4
1,2,2,0,0,0,0,1,1,1,2,0,0,2,1,2,0,0,0,1,0,1,1,0,0,1,1,0,16.4
1,0,1,0,0,2,0,0,0,0,1,0,0,2,0,1,0,0,0,2,0,0,2,2,0,1,1,2,16
1,0,0,1,1,1,0,1,1,0,1,1,0,2,1,0,0,1,0,1,0,1,2,0,0,0,0,0,17
2,1,1,1,0,1,0,0,1,1,2,2,1,1,0,1,0,1,0,2,0,0,1,0,0,1,1,0,16.1
2,0,0,0,1,0,1,0,0,1,1,1,0,2,2,0,0,1,0,1,1,2,0,0,0,0,1,0,15.6
2,0,0,1,0,2,1,2,1,1,0,0,1,2,1,1,0,0,0,1,1,0,2,0,0,0,0,1,15.9
2,0,1,1,0,2,0,1,1,1,1,1,0,2,0,1,0,0,0,1,0,1,1,1,1,0,0,0,15.8
2,1,1,0,0,0,0,1,0,2,2,1,1,1,1,1,0,0,0,2,0,0,0,1,0,0,2,0,15.9
1,2,1,0,0,0,0,0,0,1,1,0,0,2,1,2,0,1,0,1,0,2,1,1,0,0,1,1,15.5
0,0,1,1,1,1,0,1,1,2,2,2,1,1,0,0,0,1,1,2,0,0,2,0,0,2,1,0,15.4
2,1,0,2,0,1,1,0,0,0,1,0,0,2,1,1,1,0,1,2,1,1,1,1,0,0,0,1,15.6
1,1,0,0,0,0,0,1,1,2,2,0,2,1,2,1,0,0,1,2,0,0,1,1,0,0,2,0,15.9
1,2,1,0,0,0,0,0,0,1,2,1,2,1,0,2,0,0,0,1,0,2,0,0,0,0,1,1,15.8
1,0,0,0,1,1,2,1,1,0,1,0,1,1,0,1,0,1,1,2,2,0,2,0,0,0,1,0,16.5
1,1,2,0,0,0,0,0,0,1,1,0,1,2,1,1,0,1,1,2,0,1,1,0,0,0,0,1,15.5
2,1,0,1,0,0,1,0,1,1,1,0,0,2,0,2,0,0,1,1,1,1,1,1,1,1,1,2,15.4
1,2,0,0,0,0,1,0,0,1,0,1,0,2,0,2,0,1,1,1,1,2,0,0,0,0,0,1,15.4
1,0,1,1,0,0,1,0,2,2,1,0,1,2,1,1,0,0,1,0,1,1,2,0,1,0,1,0,14.8
0,2,1,0,0,0,0,0,0,2,1,0,0,2,1,2,0,1,0,1,0,2,1,1,0,0,1,1,15.8
0,0,1,0,1,0,0,2,1,1,1,0,1,1,0,0,0,2,1,1,0,0,2,0,0,0,1,0,16.6
0,0,2,1,0,0,0,1,1,2,2,2,1,2,0,0,0,0,2,1,0,0,2,0,0,0,0,0,17
1,0,1,1,1,0,0,0,2,1,2,0,1,1,0,0,0,2,2,1,0,1,2,0,0,1,1,0,15.7
0,2,0,1,0,0,1,1,1,2,1,0,0,2,0,2,0,1,0,1,1,1,1,0,0,0,0,1,15.5
1,0,1,0,0,1,0,1,0,2,0,0,0,1,1,0,0,0,1,1,0,1,1,0,1,0,0,0,15.7
1,1,1,0,1,1,1,1,0,2,1,1,0,2,2,1,0,1,1,0,1,1,1,0,1,0,1,0,15.9
1,0,1,0,1,0,0,2,2,1,1,1,1,2,0,1,0,1,0,1,0,0,2,0,1,1,1,0,15.8
2,2,2,0,0,0,1,0,0,1,1,1,1,2,1,2,0,0,0,1,1,1,1,0,0,0,1,0,15.9
2,1,1,0,0,0,1,0,1,2,1,0,1,1,1,1,0,0,1,1,1,1,1,1,0,0,0,1,15.8
1,0,0,0,1,2,1,1,1,0,0,1,2,2,0,0,0,1,0,0,1,1,1,0,0,0,0,0,16.7
2,0,2,0,0,1,2,0,1,2,1,0,1,2,1,0,0,0,1,2,1,1,1,1,0,0,1,0,15.2
2,2,1,1,0,0,1,0,1,1,1,0,0,2,0,2,0,0,1,2,1,1,1,2,0,0,0,1,15.4
2,1,2,0,0,0,0,1,0,1,1,1,0,2,0,1,0,0,0,2,0,0,1,1,0,0,1,0,16
0,2,1,0,0,0,0,0,2,1,1,1,1,2,1,2,0,0,2,0,0,0,2,0,0,0,1,0,15.7
1,0,1,1,0,0,0,1,1,1,2,1,1,2,0,0,0,0,1,1,0,0,1,0,0,1,1,0,16.6
2,0,0,2,0,1,2,1,0,1,1,1,0,1,2,1,1,1,1,0,2,0,1,0,1,1,1,0,15.9
0,2,1,0,0,0,1,0,1,2,0,1,0,2,1,2,0,0,1,1,1,2,1,1,0,0,0,0,15.7
2,0,0,0,0,1,0,1,1,1,2,2,1,0,1,1,0,0,0,2,0,1,1,0,0,1,0,0,15.4
2,2,1,0,0,0,0,0,1,2,1,0,1,2,0,2,0,0,0,2,0,2,1,1,0,0,0,1,15.9
2,1,1,0,0,0,1,0,1,1,0,0,0,2,1,1,0,0,0,1,1,2,1,1,0,0,0,1,15.4
1,0,1,0,0,0,0,2,2,0,1,0,0,1,0,1,0,0,0,2,0,0,2,1,0,1,1,0,15.2
0,0,0,0,0,1,0,0,0,1,0,0,0,2,0,2,0,0,0,2,0,0,1,1,1,0,0,2,14.9
2,1,0,2,0,1,1,0,1,1,2,2,0,1,0,2,0,0,1,1,0,1,2,0,0,1,1,0,15.7
2,2,2,1,0,1,0,0,0,0,2,2,0,2,0,2,0,0,0,2,0,1,1,1,0,1,0,0,16.4
2,1,0,0,0,0,0,1,1,2,2,0,1,2,1,1,0,0,1,1,0,0,1,0,0,0,2,0,15.6
1,0,0,1,0,1,1,1,2,1,1,0,2,2,1,1,0,0,1,0,1,1,2,0,0,1,1,0,15.6
2,1,2,0,1,0,1,0,1,1,1,0,0,2,1,1,0,1,0,1,1,1,1,1,0,0,0,1,15.7
1,1,1,0,0,0,0,0,0,2,2,0,1,1,1,1,0,1,0,1,0,1,0,0,0,1,1,1,15.5
1,0,1,1,0,1,1,0,1,2,2,0,1,1,0,0,0,1,0,1,1,0,1,0,0,0,1,0,16.1
1,0,0,0,1,1,2,1,2,1,1,1,0,1,1,1,0,1,0,2,2,1,2,0,1,0,1,0,15.8
1,1,1,0,0,0,0,0,0,1,1,1,0,2,0,1,0,1,0,1,0,2,2,2,0,0,1,1,15.3
1,0,1,1,0,1,0,1,1,1,1,1,0,2,0,1,0,0,0,2,0,1,2,1,1,1,0,1,15.6
1,0,0,1,0,0,0,0,1,1,1,1,2,1,0,0,0,0,1,1,0,2,1,1,1,0,1,0,16.3
1,0,1,1,0,0,0,0,1,2,1,0,2,0,0,0,0,0,0,1,0,2,1,0,1,1,1,0,15.7
1,1,1,0,0,0,1,0,0,1,0,0,1,1,2,1,0,0,0,1,1,1,0,1,0,0,0,1,15.7
1,1,1,0,0,0,0,0,1,2,2,1,1,2,2,1,0,1,1,2,0,1,1,0,0,0,2,0,15.8
1,1,2,0,1,0,1,0,0,0,1,0,0,1,2,1,0,1,2,1,1,1,0,0,0,0,0,1,15.2
1,0,0,1,1,1,1,0,2,2,0,0,1,1,1,1,0,1,1,2,0,1,2,0,0,0,0,1,15.4
2,0,0,0,0,1,2,1,1,2,0,0,1,1,1,1,0,0,1,0,2,0,1,0,1,0,0,0,15.9
0,2,1,0,0,0,0,0,1,1,1,0,0,2,2,2,0,0,0,2,0,2,1,1,0,1,1,0,15
2,1,0,0,0,0,0,0,1,0,1,0,1,2,1,1,0,0,2,2,0,2,1,2,0,0,0,1,16
1,0,1,1,1,1,1,0,2,2,2,1,0,2,0,0,0,2,0,1,1,1,2,1,1,0,2,0,16.3
0,2,1,1,0,0,1,0,0,2,1,1,0,2,1,2,0,1,1,0,1,2,0,0,0,0,0,1,15.8
1,0,0,0,0,2,0,0,1,0,1,0,0,2,0,2,0,0,0,2,0,1,2,1,0,1,1,2,15.9
1,0,0,0,0,0,1,0,2,1,2,1,0,2,0,1,0,0,0,1,1,1,2,0,0,0,1,0,15.8
0,0,1,1,0,0,1,1,2,2,1,0,1,2,0,0,0,1,1,1,1,1,2,0,1,0,1,0,14.9
1,0,0,0,0,1,0,0,0,1,2,1,0,2,0,1,0,0,1,2,0,0,0,1,0,0,1,0,17.1
1,0,2,0,0,0,1,0,2,0,1,0,0,0,0,1,0,0,0,2,1,0,2,1,0,1,1,1,14.6
2,1,1,0,1,0,1,0,1,1,0,0,0,2,1,1,0,1,2,1,1,1,1,1,0,0,0,1,15.4
2,1,1,2,0,0,1,0,0,1,1,0,0,2,1,1,0,0,2,1,1,1,1,0,0,1,1,2,15.5
1,2,2,0,0,0,0,0,1,2,1,1,1,1,1,2,0,1,0,2,0,2,1,2,0,0,1,0,15.3
2,0,1,1,0,0,1,1,2,1,2,2,0,1,0,1,0,1,1,2,1,0,2,0,1,1,1,0,15.3
1,0,0,0,1,0,0,2,1,1,1,0,0,1,0,1,0,1,1,1,0,0,1,0,0,0,1,0,15.6
1,1,0,0,1,0,0,0,0,1,1,0,0,2,1,1,0,1,1,0,0,2,0,1,0,0,0,1,16.1
0,2,1,0,0,1,0,0,0,1,1,0,0,2,2,2,0,1,0,1,0,2,1,1,0,0,1,1,15.6
1,1,2,0,0,1,0,1,1,1,2,2,0,2,0,1,0,0,1,0,0,0,2,1,0,1,1,0,15.5
1,0,1,1,0,2,0,1,2,0,2,1,0,2,0,0,0,0,0,1,0,0,2,0,0,0,1,0,16
0,0,1,0,0,0,0,0,1,0,1,0,2,1,0,0,0,1,1,1,0,2,1,0,0,1,1,0,16.5
1,0,1,1,1,1,1,0,2,0,2,2,0,2,0,0,0,1,0,2,1,1,2,1,0,2,1,0,16.1
0,1,0,0,0,0,0,0,1,0,1,1,1,1,1,2,0,1,1,2,0,2,1,0,0,0,1,1,15.8
1,1,2,0,1,0,1,0,1,1,1,0,0,1,2,1,0,1,1,1,1,1,1,1,0,0,0,1,15.1
1,2,1,0,0,0,0,0,0,1,2,1,1,2,1,2,0,1,1,1,0,2,1,1,0,0,1,1,15.1
1,0,0,1,0,0,0,1,1,2,0,0,1,1,1,0,0,0,0,2,0,1,1,0,0,1,0,0,15.4
2,0,1,1,0,1,1,1,2,0,1,1,0,0,0,1,0,0,0,1,1,0,2,0,0,1,1,0,15
0,2,0,0,0,0,0,0,0,2,1,0,1,2,1,2,0,1,1,1,0,2,1,1,0,0,1,1,15.1
0,1,1,0,0,1,0,0,0,0,1,0,0,2,0,2,0,0,1,2,0,0,2,1,0,0,0,1,15.8
2,0,1,1,1,1,1,0,2,2,2,2,0,2,0,1,0,2,1,1,0,0,2,0,1,2,0,0,15.5
1,0,0,0,0,1,1,0,2,0,2,1,0,2,0,1,0,0,0,1,0,1,2,1,0,1,0,1,16.1
2,0,0,1,0,2,0,2,1,1,2,2,0,2,2,0,0,0,0,2,0,0,1,0,0,0,1,0,16.4
1,0,0,1,0,1,1,1,2,1,1,0,0,1,0,1,0,0,1,1,1,0,2,1,1,0,1,0,15.6
2,0,0,0,1,1,0,1,1,0,1,1,0,2,2,0,0,1,1,2,0,1,1,0,0,0,0,0,15.6
1,0,1,1,0,2,0,1,2,1,1,0,0,2,0,0,0,0,0,2,0,0,2,0,0,0,1,0,15.5
1,2,1,0,0,1,0,0,1,1,1,1,0,2,1,2,0,0,0,2,0,0,2,0,0,0,0,0,15.8
2,0,1,0,0,0,1,0,2,0,1,1,0,1,0,0,0,0,1,2,1,0,2,0,0,1,1,1,14.9
2,1,0,0,0,0,0,0,0,1,1,0,0,2,0,1,0,1,0,1,0,2,1,1,0,1,1,0,15.4
1,2,2,0,0,0,0,0,0,2,1,1,1,2,1,2,0,0,1,1,0,2,1,1,0,0,1,0,15
1,0,0,0,1,2,1,1,1,2,0,1,1,2,1,0,0,1,0,0,1,1,1,0,1,0,0,0,16.4
0,0,0,0,0,0,1,1,2,1,1,1,0,1,0,1,0,0,0,2,1,1,2,0,1,1,1,0,15.4
2,0,2,2,1,2,0,1,0,1,1,0,2,2,1,0,1,1,0,1,0,1,0,0,0,0,1,0,16.5
2,1,0,1,0,2,2,1,0,1,0,0,1,2,2,1,0,0,0,0,2,0,1,0,0,0,0,1,15.2
1,1,0,0,0,0,0,0,1,1,2,2,1,1,2,1,0,1,0,1,0,1,1,1,0,0,2,0,16.6
0,2,0,0,0,1,0,0,0,1,2,0,1,2,1,2,0,1,1,1,0,2,1,1,0,0,1,2,15.2
0,1,0,0,0,0,0,0,1,1,1,1,1,1,0,2,0,0,0,2,0,1,1,0,0,0,1,1,15.5
2,2,1,1,0,0,0,1,1,0,2,1,0,2,0,2,0,0,2,1,0,0,2,0,0,1,1,1,15.4
0,0,1,1,1,0,0,1,1,2,1,0,1,2,0,0,0,2,1,0,0,1,1,0,1,0,1,0,15.4
2,1,1,1,0,0,0,0,2,1,2,1,1,2,0,1,0,1,2,2,0,1,2,1,0,0,2,0,15.5
1,0,0,1,0,0,1,0,2,2,1,0,1,2,1,1,0,0,1,0,1,1,2,0,2,0,1,0,15.6
0,2,0,0,0,0,1,0,2,1,0,0,0,2,0,2,0,0,1,0,1,2,2,1,0,0,0,0,15.6
2,0,1,2,0,1,1,1,2,1,1,1,1,2,2,0,2,0,1,1,1,1,2,0,0,0,1,0,15.6
2,0,0,1,0,0,1,2,1,2,1,1,1,2,2,1,0,0,1,0,1,0,2,0,1,1,1,0,15.9
1,1,2,0,0,0,0,1,0,2,1,1,1,1,1,1,0,1,0,2,0,1,0,1,0,0,1,0,16.2
1,0,0,1,1,2,0,1,1,1,1,0,1,2,0,1,0,2,0,1,0,0,1,0,0,0,1,0,17.3
1,0,1,1,0,1,0,1,1,2,1,0,0,2,0,0,0,0,0,0,0,0,1,0,0,0,1,0,15.3
2,0,0,1,0,1,0,0,1,1,2,1,0,2,1,1,1,0,0,1,0,0,2,1,1,1,1,1,15.2
1,1,1,0,0,0,0,0,0,1,2,1,1,1,1,1,0,0,0,1,0,2,0,2,0,0,1,1,15.9
1,2,0,0,0,0,0,0,0,1,1,0,1,1,0,2,0,0,0,1,0,2,0,0,0,0,0,1,16.2
1,0,0,0,0,0,0,0,0,1,0,0,0,2,0,1,0,0,1,2,0,1,2,1,1,0,0,2,15.9
1,0,1,1,0,0,0,0,0,1,0,1,0,2,0,1,1,0,0,1,0,0,2,1,1,1,0,1,15.1
2,0,0,0,1,1,0,1,1,0,1,1,0,2,1,0,0,1,0,2,0,1,2,0,0,0,0,0,16.7
2,1,1,1,0,1,0,1,0,0,1,0,0,2,1,2,0,0,0,2,0,1,2,2,0,1,1,1,16.4
1,0,1,1,0,1,1,0,2,1,1,0,0,2,0,0,0,0,0,2,1,0,2,1,1,1,1,1,15.2
2,2,0,0,0,1,0,0,1,2,2,1,1,2,1,2,0,0,0,2,0,0,2,0,0,1,0,1,14.8
2,2,1,1,0,1,0,0,0,1,2,0,0,2,0,2,0,0,1,1,0,1,2,0,0,1,1,1,15.9
1,0,0,1,1,2,0,1,0,2,1,1,0,2,0,0,0,1,0,0,0,0,1,0,1,0,1,0,16.3
1,0,1,0,0,1,0,1,1,0,2,1,0,2,0,1,0,0,1,0,0,0,2,1,0,1,1,1,16.2
1,1,0,0,0,0,0,0,0,1,1,0,0,2,1,1,0,1,1,1,0,0,0,1,0,0,1,1,16.5
2,1,0,0,0,0,0,1,1,1,2,1,2,1,1,1,0,1,1,1,0,0,1,0,0,0,2,0,15.8
2,1,0,1,1,0,0,0,0,1,2,1,0,2,1,1,1,1,2,1,0,1,0,0,0,1,1,0,17
1,0,0,1,0,0,1,0,0,0,0,0,0,2,0,1,1,0,0,2,1,1,1,2,0,1,0,2,15.3
1,1,1,2,1,1,0,1,2,1,1,1,0,1,0,1,1,1,1,2,0,0,2,0,0,0,1,0,15.6
1,1,0,0,0,1,0,0,1,1,2,1,0,0,0,1,0,1,1,0,0,1,1,1,0,0,1,1,16
2,1,0,0,0,1,0,0,0,2,0,0,1,2,2,2,0,0,0,1,0,1,1,0,1,0,0,0,16.1
1,1,1,1,0,1,0,1,0,0,1,1,0,2,0,2,0,0,0,2,0,1,2,0,0,1,0,1,16
2,0,0,2,1,2,1,1,1,1,1,1,1,2,1,0,0,1,0,1,1,0,1,0,0,0,0,0,16.2
2,1,1,1,0,1,0,0,2,1,2,0,1,2,0,1,0,1,1,1,0,0,2,1,0,1,1,0,16
1,0,0,0,0,1,0,0,0,0,1,0,0,2,0,2,0,0,0,2,0,0,2,1,0,0,1,1,16.2
1,0,0,1,0,1,1,2,2,2,0,0,1,2,0,0,0,0,0,0,1,0,2,0,1,1,0,1,15.2
2,0,1,0,0,1,0,0,2,2,2,2,1,2,0,1,0,2,0,1,0,2,2,1,1,0,2,0,16.4
2,0,0,1,0,1,0,0,0,2,0,0,0,2,0,1,1,0,0,2,0,0,2,0,2,0,0,1,15.9
2,1,2,0,0,0,1,0,0,1,0,0,0,2,0,1,0,0,1,2,1,1,0,1,0,0,0,0,16.1
0,2,1,0,0,0,0,1,0,2,1,0,0,2,2,2,0,1,0,1,0,0,0,0,0,1,1,0,16.4
2,0,0,0,0,0,0,1,0,2,0,0,2,2,2,0,0,0,1,1,0,1,0,0,0,1,0,0,15.9
0,0,1,1,0,0,0,1,1,1,1,0,0,1,0,0,0,1,2,2,0,0,1,0,0,0,1,0,16.1
2,1,1,1,0,1,1,0,1,1,2,1,0,1,0,1,0,1,0,0,1,1,1,0,0,2,0,0,16
1,2,2,1,0,1,0,2,0,1,0,1,1,2,1,2,0,0,1,1,0,0,0,0,1,1,0,0,15.2
1,1,1,1,0,1,0,0,1,0,1,1,0,2,0,2,1,0,0,2,0,0,2,1,0,1,1,1,14.8
1,0,1,0,0,1,1,2,1,2,1,0,1,2,1,1,0,0,1,1,1,0,1,0,1,0,1,0,16
1,0,0,1,0,1,0,2,2,0,1,0,0,0,0,1,0,0,1,2,0,0,2,0,0,1,1,1,15.2
2,0,1,2,0,1,0,1,1,2,2,2,0,2,1,1,1,0,0,1,0,0,2,1,1,1,1,0,15.3
2,1,2,0,0,1,0,0,0,0,1,0,0,2,0,1,0,0,0,2,0,0,2,2,0,1,0,2,16
2,1,0,1,0,2,0,2,1,0,2,2,2,2,1,1,0,0,0,1,0,0,1,0,0,0,1,0,16.3
1,1,1,2,0,2,1,1,2,1,1,1,0,1,0,1,1,0,0,1,1,1,2,0,0,0,1,0,16.4
0,2,2,0,0,0,0,0,0,2,2,0,1,2,2,2,0,0,0,1,0,2,1,1,0,0,1,2,15.4
1,0,0,1,1,2,0,2,0,0,1,1,1,2,1,1,0,1,0,1,0,0,0,0,0,0,0,0,16.5
1,1,1,1,1,1,0,0,2,2,0,2,1,2,1,1,0,1,1,0,0,0,2,0,1,0,0,0,16.3
1,1,1,0,0,0,0,0,2,1,2,0,1,2,2,1,0,1,1,1,0,1,2,1,0,0,2,0,15.2
1,1,2,1,0,2,0,1,1,1,2,2,0,2,0,1,0,0,0,1,0,0,2,1,0,1,1,0,15.5
2,1,0,1,0,1,0,2,1,1,2,1,2,2,1,1,0,0,1,0,0,0,1,0,0,0,2,0,16.4
1,0,0,1,0,1,1,1,0,1,1,1,0,2,0,2,1,0,0,1,1,2,2,2,1,1,0,1,15.7
1,0,0,0,1,0,1,1,1,0,2,1,1,2,0,1,0,1,0,1,0,0,1,1,0,1,0,1,15.6
1,2,0,0,0,0,0,0,0,2,1,0,1,2,0,2,0,0,1,1,0,2,1,1,0,0,1,1,15.4
1,2,1,1,1,0,0,1,1,2,1,0,0,2,1,2,0,1,2,0,0,0,1,0,1,0,1,0,15.8
1,2,2,0,0,1,0,0,0,1,1,1,1,2,1,2,0,0,1,1,0,2,1,1,0,0,1,0,15.3
1,2,0,0,0,0,1,0,1,1,1,1,2,1,0,2,0,1,0,1,1,2,1,0,0,0,1,1,15.7
1,0,0,0,1,1,1,1,2,0,2,2,0,2,0,1,0,1,0,1,0,0,2,1,0,1,0,0,15.8
2,0,0,1,0,1,2,1,1,2,1,0,0,2,1,0,0,0,1,0,2,0,2,0,1,1,1,1,15.3
2,0,0,0,0,1,1,0,1,1,1,0,0,2,0,2,0,0,0,1,1,1,1,1,1,1,1,2,15.6
1,0,1,1,0,1,1,0,0,0,1,1,0,2,0,1,1,0,0,2,1,1,1,2,0,1,0,1,15.6
1,1,0,0,1,0,0,0,0,0,1,0,1,2,1,1,0,2,0,0,0,1,0,0,0,0,0,1,16
2,0,1,1,0,0,1,1,0,2,1,1,0,2,0,0,1,0,0,1,1,2,2,0,2,1,0,1,15.2
2,1,1,0,0,1,1,0,2,0,1,1,0,1,1,1,0,0,1,2,1,1,2,0,0,1,0,0,15.6
1,0,1,0,1,2,0,1,1,1,1,1,0,2,1,0,0,1,0,0,0,0,1,0,0,0,1,0,16.8
2,0,1,0,0,0,1,1,0,1,1,1,0,2,0,0,0,0,0,2,1,2,2,2,1,1,0,1,15.3
2,0,1,0,2,0,0,1,1,1,2,1,1,1,0,1,0,2,0,2,0,1,2,1,1,1,1,0,16.1
0,2,0,2,0,1,0,2,2,1,1,1,0,2,1,2,0,0,1,0,0,0,2,0,0,0,1,0,15.8
2,1,1,0,0,0,0,1,0,1,0,0,1,2,0,1,0,0,1,2,0,1,1,1,0,0,0,0,15.7
1,2,1,0,0,1,0,0,0,1,1,1,1,2,1,2,0,1,0,1,0,2,1,1,0,0,1,1,15.4
1,0,0,1,0,1,0,0,0,1,2,1,0,2,0,1,0,0,1,1,0,0,1,0,0,1,1,1,15.8
1,0,0,0,0,0,1,1,2,1,1,1,1,2,1,1,0,0,0,2,1,1,2,0,1,0,1,0,16.1
0,0,1,0,0,0,0,0,1,1,1,0,1,1,0,0,0,0,1,0,0,2,1,1,0,1,0,2,14.7
2,1,1,1,0,0,0,0,1,1,2,1,0,2,0,1,0,1,2,2,0,0,1,1,0,2,1,0,16.5
0,0,1,1,1,0,1,1,2,1,1,0,0,2,0,1,0,1,0,2,1,0,2,0,0,0,1,0,15.4
2,1,0,0,0,0,1,2,1,2,0,0,2,2,1,1,0,0,2,1,1,0,2,0,2,0,0,1,16.2
1,0,2,0,0,0,1,0,2,1,1,0,0,1,0,0,0,0,1,2,1,0,2,0,1,0,1,0,14.9
2,1,1,1,0,2,0,0,0,1,0,1,1,2,1,1,0,0,0,2,0,2,0,0,1,1,0,0,16.2
2,0,1,1,0,1,0,1,0,2,1,1,0,1,1,0,0,0,1,1,0,1,2,0,1,1,0,0,14.8
1,0,1,0,1,1,1,0,0,2,0,0,2,2,1,0,0,1,1,2,1,2,0,0,1,0,0,0,16
1,0,0,0,0,1,1,0,0,0,1,1,0,2,0,1,0,0,1,1,1,1,0,0,0,0,1,1,15.2
0,0,0,1,0,0,1,0,1,1,2,1,0,2,0,0,0,0,1,2,0,0,1,0,0,0,2,0,16
2,0,0,1,0,0,0,2,1,0,0,1,1,2,1,0,0,0,1,1,0,0,1,0,0,1,0,0,15.5
1,0,0,0,0,1,0,0,2,1,1,0,0,1,0,0,0,0,0,2,0,2,2,1,0,1,1,1,15.4
2,0,0,1,1,0,0,0,1,1,1,0,0,2,0,1,1,1,0,2,0,2,2,0,0,1,1,1,15.7
1,0,1,1,2,0,1,1,1,1,2,1,1,1,0,1,0,2,1,1,1,0,2,0,0,1,1,0,15.5
2,1,0,0,0,0,0,0,2,1,2,1,1,2,1,1,0,1,1,2,0,1,2,1,0,0,2,0,16.1
2,2,1,2,0,1,0,0,0,1,2,1,0,2,1,2,0,0,1,1,0,1,2,0,0,1,1,0,15.6
2,1,0,1,0,0,1,0,1,1,2,0,0,2,0,1,0,0,2,2,1,1,1,2,0,0,0,1,15.4
2,0,1,0,1,1,1,0,2,1,1,0,0,2,0,0,0,1,0,1,1,1,2,0,0,0,1,0,15.2
2,1,2,0,0,0,1,0,0,1,0,0,0,1,1,1,0,0,1,2,1,1,0,1,0,0,0,1,16.2
1,0,0,1,0,2,0,0,1,0,1,2,1,2,0,0,0,0,0,2,1,1,1,0,0,1,0,0,16.3
2,0,2,0,1,2,0,1,0,1,1,0,2,2,1,0,0,1,0,2,0,1,0,0,0,0,1,0,16.5
1,2,1,0,0,0,0,0,0,1,1,1,0,2,0,2,0,0,0,1,0,2,1,1,0,0,1,0,15.5
1,1,0,2,0,1,1,1,1,1,1,1,1,2,0,1,1,0,1,1,1,1,1,0,0,0,1,0,16.3
2,0,0,0,1,0,1,1,2,1,1,0,0,1,0,1,0,1,0,1,1,1,2,0,0,1,1,1,16
2,0,0,2,1,2,0,1,2,1,2,1,1,1,1,0,1,1,0,1,0,0,2,0,0,0,1,0,16.9
2,1,2,0,0,0,0,1,0,2,1,1,1,2,0,1,0,0,1,2,0,1,1,1,0,1,0,1,15.7
0,0,0,1,0,1,0,1,1,1,1,1,2,2,0,1,0,1,1,2,0,0,2,1,0,1,1,0,16.1
2,1,0,0,0,0,0,1,1,1,2,0,1,2,1,1,0,1,1,1,0,0,1,1,0,0,2,0,15.8
0,0,0,1,0,0,0,0,1,1,1,0,1,1,0,0,0,0,0,1,0,2,1,1,0,1,1,0,15.9
1,1,1,0,0,0,0,1,1,2,2,1,1,2,2,1,0,0,1,2,0,0,1,0,0,0,2,0,15.5
2,1,0,1,0,1,2,1,1,2,0,0,1,2,2,2,0,0,0,0,2,0,1,0,1,0,0,0,15.1
1,0,0,0,0,0,0,0,0,0,1,0,0,2,0,2,0,0,0,2,0,1,2,2,0,1,1,2,16.6
1,1,2,2,0,2,0,1,0,1,2,2,0,2,0,1,0,0,0,1,0,0,2,0,0,1,1,0,16.1
1,0,1,1,1,1,1,0,1,1,2,1,1,1,0,0,0,2,1,1,1,0,1,0,0,1,2,0,16.4
2,1,0,0,1,0,1,0,1,2,1,0,1,2,1,1,0,1,1,1,1,2,1,1,0,0,0,1,15
1,0,0,0,1,1,0,1,1,1,2,1,0,1,0,1,0,1,1,1,0,0,2,0,0,1,2,0,16.3
2,1,1,1,0,0,0,0,1,1,1,1,0,2,1,2,0,0,0,1,0,1,1,0,1,1,0,0,14.5
1,0,0,1,1,2,1,0,1,0,1,2,1,1,1,0,0,1,0,1,1,2,1,0,0,1,0,0,16
1,1,1,0,0,0,1,0,1,2,1,0,1,1,2,1,0,0,1,2,1,1,1,1,0,0,0,1,16.1
0,0,0,1,0,1,0,0,0,0,0,0,0,2,0,2,1,0,0,2,0,0,2,2,0,1,0,2,15.5
1,1,1,1,0,1,0,1,0,0,1,1,0,2,0,2,0,0,0,2,0,2,1,2,0,1,0,1,15.5
2,1,1,0,0,0,0,1,0,2,2,0,0,2,0,1,0,1,0,2,0,0,0,0,0,1,1,1,17.1
2,1,0,0,0,0,1,0,0,2,1,0,1,1,1,1,0,0,1,2,1,1,0,1,0,0,0,1,16.1
1,1,1,1,0,2,0,1,1,1,0,1,1,2,1,1,0,0,0,1,0,1,1,0,1,0,0,0,15.9
1,1,0,0,1,0,0,1,0,1,2,1,0,2,1,1,0,2,0,0,0,0,0,1,0,0,1,1,16.6
1,0,0,0,0,0,1,1,1,0,2,2,2,2,0,1,0,1,2,1,1,0,2,0,0,2,1,0,16
1,1,0,0,0,0,0,0,1,1,0,0,1,1,2,1,0,0,0,2,0,1,1,0,0,0,0,1,16.3
0,0,0,1,1,0,0,1,1,1,2,1,0,2,0,0,0,1,1,1,0,0,2,0,0,1,2,0,16.4
1,0,0,1,1,1,1,1,0,1,0,1,2,2,1,0,0,1,1,0,1,1,0,0,0,0,0,0,16
0,2,1,0,0,0,0,1,1,1,2,1,1,1,0,2,0,0,0,1,0,0,1,1,0,0,1,1,15.6
1,2,1,0,0,1,0,0,1,1,2,1,1,1,1,2,0,0,0,1,0,1,1,1,0,0,0,1,14.8
2,0,0,1,0,1,0,1,0,0,1,1,1,2,1,0,0,0,1,1,0,0,1,0,0,0,1,0,16.1
2,0,1,1,0,0,1,0,0,1,2,0,0,2,1,0,0,0,1,2,1,1,0,1,0,0,0,1,16.5
1,0,0,1,0,2,1,0,1,1,1,1,1,1,0,0,0,0,0,1,2,1,1,0,0,1,0,0,15.2
2,1,0,2,0,1,1,2,0,2,1,1,2,2,2,2,1,0,0,1,1,0,2,0,1,1,1,0,17
1,0,0,0,1,0,1,1,2,1,1,1,0,1,1,1,0,1,0,2,1,1,2,0,1,0,1,0,15.2
1,1,1,0,0,0,1,0,1,2,1,0,0,1,2,1,0,0,0,1,1,1,1,1,0,0,0,1,15.9
1,0,1,0,0,0,0,1,1,2,2,1,1,2,0,1,0,1,1,2,0,0,1,0,1,0,2,0,16
2,1,1,0,0,0,0,0,0,0,1,1,1,2,1,1,0,0,0,0,0,2,1,0,0,0,0,0,15.7
1,1,2,0,1,0,1,0,1,1,0,0,1,1,2,1,0,1,0,2,1,1,1,1,0,0,0,1,16.1
1,0,1,1,1,0,1,0,2,1,2,0,1,1,0,1,0,1,1,1,1,0,2,1,1,1,2,0,15.7
2,1,0,1,1,2,1,0,1,2,0,0,1,1,1,2,0,1,0,1,0,1,1,0,0,0,0,1,15.3
2,2,0,1,0,1,1,0,1,0,1,0,0,1,0,2,1,0,1,2,1,0,2,0,0,1,1,1,17.1
2,1,0,0,1,1,0,1,2,1,2,2,1,0,1,2,0,1,1,2,0,1,2,0,0,1,2,0,15.7
2,1,1,0,1,0,1,0,0,1,1,1,0,2,1,1,0,1,0,1,1,1,0,0,0,0,1,1,16.4
1,1,2,0,0,0,0,0,0,1,1,0,0,2,2,1,0,1,1,1,0,1,0,0,0,0,0,2,15.1
2,1,0,0,0,0,0,1,1,2,2,0,1,2,1,1,0,1,1,2,0,0,1,0,0,0,2,0,15.9
1,1,2,0,0,1,0,0,0,0,2,1,0,2,0,2,0,0,0,0,0,1,1,0,0,0,0,0,16.1
2,1,1,1,0,0,0,0,1,0,1,2,0,2,1,2,0,0,0,2,0,0,2,2,0,1,0,0,16.1
0,2,0,0,0,0,0,1,2,2,1,0,1,1,1,2,0,0,0,1,0,0,2,0,0,0,0,1,16
2,0,1,2,1,2,0,2,0,1,2,0,1,1,1,0,1,1,0,1,0,0,0,0,0,1,2,0,16.6
2,1,2,1,0,0,0,0,0,1,2,0,0,1,1,1,1,0,2,2,0,2,2,1,0,1,1,1,15.9
2,2,1,1,0,2,1,0,2,0,2,1,0,1,0,2,1,0,0,2,1,1,2,0,0,1,0,0,15.6
1,1,0,0,0,0,0,0,1,0,0,0,1,1,2,1,0,1,0,1,0,1,1,1,0,0,0,1,16.1
1,0,1,1,0,0,1,1,0,2,1,1,0,2,0,1,1,0,0,2,1,2,1,0,2,1,0,0,15.9
1,0,0,1,0,1,1,1,1,1,1,1,1,2,1,0,0,0,1,1,1,0,1,0,0,0,0,0,15.9
1,1,0,0,0,0,1,0,0,1,0,0,0,2,0,1,0,0,1,0,1,1,0,0,0,0,0,0,16.2
1,0,0,1,1,1,0,1,1,1,0,1,1,2,0,0,0,1,1,0,0,0,2,0,0,0,0,0,16.2
0,1,0,0,0,0,0,0,0,0,1,1,0,2,0,2,0,1,0,1,0,1,0,0,0,0,1,0,16.3
2,1,1,1,0,0,1,0,0,1,1,0,1,2,1,1,0,0,2,2,1,1,0,1,0,0,0,0,15.8
0,2,1,0,0,1,0,1,1,1,2,0,0,2,1,2,0,0,1,1,0,0,2,0,0,0,2,0,15.8
1,1,1,1,0,0,0,0,0,0,2,2,0,2,0,2,0,0,0,1,0,1,1,2,0,1,0,0,15.9
1,0,1,1,1,1,1,0,1,1,2,1,1,2,0,1,0,1,0,2,1,1,2,0,1,1,1,0,16.2
2,0,0,0,1,1,1,1,2,1,1,0,0,2,0,1,0,1,0,1,1,1,2,1,0,0,1,0,16.8
0,0,0,0,0,0,0,1,1,1,1,2,0,1,0,1,0,1,2,1,0,0,2,0,0,2,0,0,16.1
0,2,1,0,0,0,0,0,1,1,1,0,0,2,1,2,0,1,1,1,0,1,1,1,0,0,0,1,15.8
2,0,0,0,1,0,0,1,1,0,1,1,1,2,2,0,0,1,0,2,0,1,2,0,0,1,0,0,16.2
1,0,0,0,0,2,1,0,0,1,2,1,0,2,1,1,0,0,0,2,1,1,1,0,1,1,1,1,15.8
2,0,1,2,1,1,0,1,0,1,2,0,2,2,1,0,1,1,0,2,0,1,0,0,0,0,2,0,16.6
2,1,1,0,0,1,1,0,1,0,1,0,0,1,1,1,0,0,1,2,1,0,1,1,0,0,0,1,16
2,1,1,0,0,2,0,1,0,1,0,1,1,2,1,1,0,0,0,1,0,1,0,0,1,0,0,0,15.9
2,1,1,0,0,0,0,0,0,0,2,1,1,1,0,1,0,1,0,2,0,2,1,0,0,0,1,1,16
1,1,1,0,1,0,1,0,1,1,0,0,1,2,2,1,0,1,0,1,1,2,1,0,0,0,0,1,15
1,1,2,0,0,0,1,0,0,1,0,0,1,2,2,1,0,0,1,1,1,1,0,0,0,0,0,1,15.9
0,0,0,2,1,0,0,2,1,2,1,1,1,2,1,0,0,1,2,1,0,0,2,0,1,0,1,0,16.4
0,0,0,1,0,0,0,0,0,0,1,1,0,2,0,2,1,0,0,1,0,0,1,1,0,1,0,1,15.7
1,1,1,0,0,0,0,1,0,0,1,0,0,2,1,1,0,1,1,0,0,0,0,0,0,0,0,1,17.1
1,0,1,0,0,1,1,1,2,1,1,1,1,2,1,1,0,0,0,2,1,1,2,0,1,1,1,0,16.2
0,1,0,0,0,0,0,0,0,0,1,1,1,1,0,2,0,0,0,2,0,2,0,0,0,0,1,0,15.9
1,0,1,0,1,1,0,0,1,1,2,1,0,2,0,1,0,1,1,0,0,1,1,0,0,1,2,0,16.1
2,1,2,1,0,0,0,0,0,0,1,1,0,2,0,1,1,0,0,1,0,1,2,2,0,2,0,1,16
1,0,0,1,0,1,0,0,1,0,1,1,0,2,1,2,0,0,0,2,0,1,2,1,0,1,0,1,16
1,0,1,1,0,1,0,0,1,2,1,1,0,1,1,0,0,0,1,1,2,0,1,0,1,1,0,0,15.2
1,0,0,1,0,1,0,2,1,0,2,1,0,2,1,0,0,0,0,1,0,0,1,0,0,0,1,0,16.3
2,1,1,2,0,1,1,0,0,1,2,0,0,1,1,1,2,0,1,2,1,2,0,1,0,0,0,0,16.1
0,2,2,0,0,0,0,0,0,2,1,1,0,2,2,2,0,0,0,2,0,2,0,2,0,0,1,0,16.1
0,0,0,1,0,1,1,1,0,0,0,1,0,2,0,2,1,0,0,2,1,2,1,1,0,1,0,1,15.6
1,1,0,0,0,0,0,0,1,0,1,1,0,2,1,1,0,1,1,1,0,2,1,1,0,0,1,0,15.1
1,1,0,0,0,0,0,0,1,1,2,2,0,2,2,1,0,1,0,2,0,1,1,1,0,0,2,0,16.2
1,2,2,0,0,0,0,0,1,1,1,1,1,1,1,2,0,0,0,1,0,1,1,0,0,0,1,0,15.7
1,0,0,0,1,1,0,1,1,2,0,1,0,2,0,0,0,1,1,0,0,0,1,0,1,0,0,0,16.4
0,0,1,0,1,2,0,0,1,1,1,0,0,1,0,0,0,2,0,1,0,1,2,0,0,0,1,0,15.9
1,1,0,0,0,0,0,1,1,1,0,0,0,2,0,1,0,0,1,2,0,1,2,2,1,0,0,2,15.4
2,0,0,1,0,1,0,2,1,1,1,0,1,1,0,0,0,0,0,1,0,0,1,0,0,0,1,0,16.5
1,0,0,1,0,2,0,2,1,1,2,1,0,2,1,0,0,0,0,1,0,0,1,0,0,0,1,0,16.6
1,1,1,0,0,0,1,0,0,1,1,1,0,2,2,1,0,1,1,0,1,1,0,0,0,0,1,0,16.7
1,1,0,0,0,1,1,0,0,1,1,0,0,2,2,1,0,0,1,2,1,1,1,2,0,0,0,1,15.5
1,0,0,1,0,2,0,1,1,1,1,1,0,2,1,0,0,0,0,2,0,0,1,0,0,0,1,0,15.7
0,2,1,0,0,0,0,1,1,1,1,1,0,2,2,2,0,0,0,2,0,1,2,2,0,0,1,0,15.8
1,1,1,1,1,1,0,1,1,2,1,1,2,2,1,1,0,1,1,0,0,0,2,0,1,0,1,0,16.3
1,1,0,0,0,0,0,0,0,1,2,2,1,1,1,1,0,0,0,1,0,1,0,0,0,0,2,0,16.3
0,0,2,1,0,0,0,1,1,1,2,2,1,2,0,0,0,0,1,1,0,0,2,0,0,0,0,0,16
1,1,1,0,0,1,0,1,1,2,0,0,2,2,1,1,0,0,1,1,0,1,1,0,1,0,0,0,15.3
1,0,1,1,0,1,0,0,0,0,2,0,0,1,0,1,1,0,1,2,0,2,0,0,0,0,0,0,16
1,0,1,0,0,2,0,0,1,0,1,0,0,2,0,1,0,0,0,2,0,0,2,2,0,1,1,2,17.3
1,0,0,1,0,0,1,1,2,1,1,1,0,2,0,1,0,0,0,1,1,0,2,0,1,1,1,0,15.6
1,1,0,1,0,2,1,0,1,1,2,2,0,2,0,1,0,0,0,0,1,1,2,0,0,1,1,0,16.5
2,0,1,1,0,1,0,0,0,0,2,1,0,2,1,0,1,0,1,1,0,0,0,0,0,1,1,0,16.5
1,0,0,0,0,0,1,1,2,1,1,1,1,2,1,1,0,0,0,2,1,1,2,0,1,0,1,0,16.7
1,0,1,0,1,0,0,2,2,2,2,1,0,2,0,0,0,1,0,1,0,0,2,0,0,0,1,0,15.6
1,2,2,0,0,0,0,1,0,1,0,0,0,2,0,2,0,2,0,2,0,1,1,1,0,0,0,0,15.7
1,2,1,0,0,1,0,0,1,2,2,0,1,2,1,2,0,0,0,1,0,1,1,1,0,1,1,1,15
2,1,2,0,0,0,1,0,1,1,0,0,1,2,1,1,0,0,1,1,1,1,1,0,0,0,0,1,15.9
1,0,0,1,1,1,0,0,1,1,0,0,1,1,1,0,0,1,1,1,1,1,1,0,0,0,0,0,16.4
1,1,1,0,0,0,1,0,0,0,1,0,1,1,2,1,0,0,1,2,1,2,0,0,0,0,0,1,15.7
2,1,2,1,0,0,0,0,1,0,1,0,1,2,0,1,0,0,2,2,0,2,1,2,0,0,0,0,15.7
2,1,1,1,0,1,0,0,1,1,0,0,0,1,0,1,0,0,1,2,1,1,2,0,0,0,0,0,15.5
1,0,0,1,0,1,0,0,1,0,0,0,0,2,1,2,0,0,0,2,0,0,2,1,0,0,0,2,16.8
0,0,0,1,0,0,2,1,1,2,1,0,1,2,0,1,0,1,2,1,2,0,2,0,0,0,1,0,15.8
1,1,2,0,0,0,0,0,0,1,0,0,1,1,2,1,0,1,1,1,0,1,0,0,0,0,0,1,15.7
1,2,1,1,0,2,0,0,1,0,2,0,0,2,1,2,0,0,0,2,0,0,2,0,0,1,1,1,15.8
1,1,0,0,1,0,0,1,0,1,0,0,0,2,1,1,0,1,0,0,0,0,0,1,0,0,0,0,16.2
1,1,0,1,0,1,0,0,0,1,2,0,0,2,0,2,0,0,1,1,0,0,1,1,0,0,1,0,16.6
2,0,2,0,0,0,1,0,2,0,1,1,0,2,0,0,0,0,0,1,1,0,2,0,0,1,1,0,15.5
2,1,1,0,0,1,0,0,1,2,2,0,1,2,1,1,0,0,0,2,0,0,1,1,0,1,1,1,16.3
0,0,0,1,0,0,0,0,0,1,0,0,0,2,0,2,1,0,0,1,0,0,1,1,1,0,0,1,16.1
1,1,1,0,1,1,0,0,0,2,2,0,1,2,1,1,0,2,1,1,0,0,0,1,0,0,0,2,17.1
0,1,2,0,0,1,0,1,1,1,1,0,2,2,1,1,0,0,0,2,0,1,1,0,0,0,1,0,16.2
2,0,1,1,0,1,0,0,1,1,1,0,2,2,0,0,0,0,0,2,0,2,1,0,0,0,1,0,16.7
1,1,2,0,1,0,1,0,0,2,0,0,1,2,2,1,0,1,1,2,1,1,0,1,0,0,0,1,16.1
0,1,0,0,0,0,0,0,1,1,1,1,0,2,1,2,0,1,1,2,0,1,1,1,0,0,1,1,16.1
2,0,0,0,0,2,0,1,1,2,2,1,1,1,0,0,0,0,0,0,0,1,1,0,0,1,1,0,15.2
1,0,0,1,1,1,0,2,0,1,0,1,1,2,0,0,1,1,0,2,0,0,0,0,0,0,0,0,16.4
1,0,0,0,1,1,0,0,0,1,1,1,0,2,1,1,0,1,0,1,0,1,2,0,1,1,1,0,16.8
2,0,1,0,0,1,0,1,1,1,1,1,0,1,1,0,0,0,1,0,0,1,1,0,0,1,0,0,15.5
2,1,0,1,0,0,2,1,1,1,1,1,0,1,2,2,1,0,1,1,2,0,1,0,1,1,1,0,15.2
2,1,2,0,0,1,1,0,1,0,1,0,0,1,1,1,0,0,0,2,1,1,2,0,0,1,1,1,15.9
2,1,0,1,1,1,2,1,2,1,0,0,1,0,1,2,0,1,1,1,1,0,2,0,0,0,0,1,15.6
2,2,0,0,0,0,0,0,0,1,2,1,0,2,0,2,0,0,1,2,0,0,2,0,0,2,0,1,17.4
2,0,1,1,0,0,0,0,0,0,2,0,1,2,1,0,0,0,1,2,0,1,0,2,0,0,0,1,15.7
1,1,2,0,0,1,0,1,2,1,2,2,0,2,0,1,0,0,1,1,0,0,2,0,0,1,1,0,16.8
1,0,1,0,0,1,1,0,0,1,0,0,0,2,0,1,0,0,0,2,1,1,2,1,1,0,0,2,15.4
1,0,1,1,1,0,1,1,0,1,1,1,1,2,0,1,0,1,2,1,1,0,1,1,0,0,1,0,15.5
0,2,1,0,0,1,0,1,0,1,1,1,0,2,2,2,0,1,0,2,0,0,1,1,0,0,1,0,15.9
1,0,0,0,0,0,0,1,2,0,1,1,0,0,0,1,0,0,1,2,0,0,2,0,0,2,1,1,15.8
1,0,1,1,0,2,0,2,2,1,1,2,1,2,0,0,0,0,0,1,0,0,2,0,0,1,0,0,17.1
1,0,0,1,0,1,1,0,1,2,1,1,1,1,1,0,0,1,1,1,0,1,1,0,0,1,1,0,15.9
2,0,1,0,1,1,1,1,0,1,1,0,0,1,0,0,0,1,0,1,1,0,2,1,0,1,1,1,15
1,1,1,1,0,2,1,1,1,1,1,2,1,1,1,1,0,0,0,1,1,1,1,0,0,1,0,0,15.8
1,2,2,1,0,0,0,0,0,0,2,1,0,2,0,2,0,0,1,0,0,1,1,0,0,0,0,0,15.3
2,0,1,0,0,1,0,0,0,1,0,0,0,1,1,0,0,0,1,2,2,0,2,0,0,0,0,0,15.9
1,0,0,0,0,1,0,0,0,0,2,1,0,2,0,1,0,0,1,1,0,0,1,0,0,0,0,0,16.7
1,0,1,1,0,1,0,2,2,0,1,1,1,2,1,0,0,0,1,1,0,0,2,0,0,1,1,0,16.3
0,0,0,0,0,0,0,1,1,1,2,1,0,2,0,1,0,1,1,1,0,0,2,0,0,1,2,0,16.1
2,0,1,0,0,0,0,1,1,1,1,1,1,0,0,1,0,0,2,2,0,1,1,0,1,2,1,0,15.8
0,0,0,0,0,1,0,1,1,0,1,1,1,1,0,0,0,1,1,1,0,0,2,0,0,2,1,1,15.4
1,0,0,1,0,1,0,0,0,1,0,0,0,1,1,0,0,0,1,2,1,1,2,0,0,0,0,0,16
1,1,0,1,0,1,0,0,0,1,2,0,0,2,0,2,0,0,1,1,0,0,1,1,0,0,1,0,15.8
1,0,0,1,1,2,0,1,1,1,0,1,2,2,1,0,0,1,0,0,0,0,1,0,0,0,0,0,16.8
1,1,0,0,0,0,0,0,0,0,0,0,0,2,1,2,0,0,0,2,0,0,0,0,0,0,0,1,16.4
1,1,1,1,0,1,1,0,0,0,2,1,0,2,0,2,0,0,0,1,1,1,2,0,0,0,0,0,15.7
0,2,0,0,0,0,1,0,1,2,1,1,1,1,0,2,0,1,0,0,1,2,1,1,0,0,1,0,16
0,0,0,0,0,0,1,0,1,1,2,1,0,2,0,0,0,0,1,1,0,0,1,0,0,0,2,0,15.7
1,2,1,0,0,1,0,1,0,1,1,1,0,2,1,2,0,1,0,2,0,0,1,2,0,0,1,0,16
1,0,0,1,1,2,1,1,0,1,1,1,1,2,0,0,0,1,0,0,1,1,1,0,0,0,1,0,16.6
2,1,2,0,0,0,0,0,1,2,1,0,1,1,0,1,0,1,0,1,0,1,1,1,0,0,1,0,16.2
2,2,1,1,1,2,0,0,2,1,2,0,0,2,1,2,0,1,0,0,0,1,2,0,0,1,1,1,15.2
2,1,1,1,1,1,0,0,2,1,2,1,0,2,0,1,0,2,1,1,0,1,2,1,0,2,0,0,16.1
1,1,1,1,1,2,0,0,0,1,2,1,0,2,0,1,0,1,0,1,0,0,1,0,0,1,1,0,16.5
1,0,0,0,0,1,0,1,1,2,0,0,1,2,0,0,0,0,1,2,0,1,1,0,1,0,0,0,15.6
2,1,0,2,1,1,1,0,0,2,1,0,0,2,1,1,1,1,1,1,1,1,1,0,0,1,1,2,14.9
2,1,1,0,1,0,1,0,1,1,0,0,1,2,1,1,0,1,2,2,1,1,1,1,0,0,0,1,16.3
1,0,0,0,1,1,0,2,0,0,1,0,2,2,2,0,0,1,0,1,0,0,0,0,0,0,1,0,16.5
1,2,1,0,0,0,0,0,0,1,1,0,0,2,1,2,0,1,0,2,0,2,1,1,0,1,1,0,15.7
2,1,2,1,0,1,0,0,0,0,2,0,0,2,1,1,1,0,1,2,0,2,2,0,0,1,1,1,16.8
1,0,1,1,1,1,1,1,1,1,2,2,0,1,0,0,0,1,0,1,1,0,2,1,0,1,1,0,16.3
1,0,0,1,0,1,0,2,1,0,2,2,1,2,1,0,0,0,1,1,0,0,1,0,0,0,0,0,16.9
2,2,1,1,0,1,0,0,1,1,2,1,0,2,0,2,1,0,0,2,0,0,2,0,0,2,1,1,15.8
1,0,0,1,0,2,0,0,0,2,1,1,0,2,1,1,0,0,0,1,0,1,1,0,1,0,1,0,15.7
2,1,1,0,0,0,1,0,0,1,0,0,1,2,1,1,0,0,0,2,1,2,0,0,0,0,0,1,15.3
2,0,0,0,0,1,1,1,1,1,0,1,1,1,0,0,0,0,1,1,1,1,1,0,0,0,0,0,15.2
2,2,2,1,0,0,0,1,0,0,1,1,0,2,0,2,0,0,0,2,0,1,1,2,0,0,0,1,16.2
1,1,2,0,0,0,1,0,0,2,1,0,0,1,2,1,0,0,1,1,1,2,0,0,0,0,0,1,15.7
2,1,2,0,0,0,1,1,1,1,0,0,2,2,1,1,0,0,2,2,1,1,1,1,0,0,0,1,14.8
1,2,2,1,0,0,0,1,1,0,1,1,0,2,0,2,0,0,0,1,0,2,2,1,0,1,0,1,15.6
1,0,1,0,1,0,2,1,1,0,2,2,1,2,0,0,0,1,2,2,2,0,2,0,0,1,1,0,16.5
1,1,1,0,0,0,0,1,1,1,2,1,1,2,2,1,0,1,1,2,0,0,1,1,0,0,2,0,15.4
1,1,1,1,1,2,0,0,0,1,2,1,0,2,0,1,1,1,0,0,0,0,1,0,0,2,2,1,17.2
1,0,1,1,0,1,1,1,0,1,0,0,0,2,0,0,1,0,0,1,1,2,2,1,1,0,0,1,15.4
2,0,0,1,2,2,0,1,0,2,0,0,0,1,1,1,0,2,0,1,0,1,1,0,1,1,0,1,16.1
0,1,0,0,0,0,0,0,0,1,0,0,1,1,0,2,0,0,1,2,0,0,0,0,0,0,0,1,16.5
1,1,1,0,1,1,0,1,0,1,1,1,1,2,1,1,0,1,1,0,0,0,1,0,0,0,1,0,15.8
1,0,1,1,0,0,1,0,2,1,2,1,1,2,0,0,0,1,1,2,1,1,2,1,0,1,0,0,15.7
2,0,0,1,0,1,0,1,1,1,1,0,1,1,0,0,0,0,1,2,0,1,1,0,0,0,1,0,16.4
2,1,1,1,1,1,1,0,2,2,2,1,0,2,0,1,0,2,1,1,1,1,2,0,0,0,2,0,15.4
2,0,1,0,0,1,1,0,0,1,1,0,2,2,1,0,0,0,1,2,1,1,0,1,0,0,1,0,15.9
2,2,0,0,0,2,1,0,1,0,2,1,0,2,0,2,0,0,0,2,1,1,2,0,0,2,1,1,17.3
2,1,1,0,0,0,0,1,0,0,0,0,0,2,1,2,0,0,0,1,0,2,1,1,0,0,0,2,14.5
0,1,0,0,0,0,0,0,0,1,0,0,0,2,1,2,0,0,1,1,0,0,0,0,0,0,0,1,15.9
1,1,0,0,0,0,0,0,1,0,2,2,0,2,0,2,0,0,0,1,0,1,2,1,0,1,0,0,15.4
0,0,0,1,0,0,1,2,2,2,1,1,1,1,0,0,0,1,2,2,1,0,2,0,0,1,1,0,16.4
2,0,0,0,0,0,0,0,0,1,1,1,1,2,1,0,0,0,1,0,0,2,1,0,0,0,1,1,16
1,1,1,0,1,2,1,1,0,1,0,1,1,2,1,1,0,1,0,0,1,1,1,0,1,0,0,0,16.5
1,1,1,1,1,1,1,2,1,1,1,0,1,1,1,1,1,1,0,1,1,0,1,0,0,1,1,0,16.2
1,1,0,1,0,0,0,1,0,2,1,1,0,2,0,1,0,0,0,1,0,0,2,0,0,0,1,0,16.3
1,0,1,0,1,2,0,1,1,2,0,0,0,1,1,1,0,1,0,1,0,1,2,0,0,1,0,1,15.8
1,0,0,1,0,0,0,1,1,1,0,1,1,2,0,0,0,0,0,1,0,1,1,0,0,0,0,0,15.1
2,1,2,0,0,0,0,0,0,2,1,0,0,2,0,1,0,1,0,1,0,1,0,0,0,0,1,0,14.9
1,1,1,1,0,2,0,1,0,1,1,1,2,1,1,1,0,0,0,1,0,1,0,0,1,0,1,0,15.3
1,1,0,0,0,0,0,0,0,1,1,1,1,1,2,1,0,1,0,2,0,1,0,1,0,0,1,1,16.6
1,0,0,1,1,1,0,1,1,1,1,0,0,1,0,1,0,1,0,2,0,1,1,0,0,0,1,0,16.7
0,0,2,1,1,0,1,1,1,1,2,2,0,1,0,0,0,1,2,2,1,1,2,1,0,1,1,0,16.1
1,1,0,0,1,0,0,1,0,1,0,0,0,2,0,1,0,2,1,0,0,1,0,0,0,0,0,0,16.6
2,1,2,1,0,1,0,0,1,2,0,0,0,1,0,1,0,0,1,1,1,1,1,0,1,0,0,0,14.9
2,1,2,0,0,0,0,0,0,0,1,0,0,2,0,1,0,0,0,2,0,1,2,2,0,1,0,2,16.9
0,0,0,0,0,0,0,1,0,0,1,1,0,2,0,2,0,0,0,1,0,1,2,1,0,1,0,1,16
1,0,1,1,0,1,0,1,1,1,2,1,1,2,0,0,0,0,0,1,0,0,1,0,0,0,1,0,16.5
2,1,0,0,1,1,1,2,2,1,2,2,1,2,1,2,0,1,1,2,1,0,2,0,0,1,2,0,16.6
2,1,2,0,0,0,0,1,0,1,1,0,0,2,0,1,0,0,0,2,0,0,1,2,0,1,1,0,16.5
1,0,1,1,1,0,0,0,1,2,2,1,0,1,0,0,0,2,2,1,0,1,1,1,0,0,2,0,15.6
1,1,2,0,1,0,0,0,0,1,1,0,0,2,2,1,0,1,1,2,0,1,0,2,0,0,0,2,15.2
1,0,0,0,0,0,0,1,1,1,2,1,1,2,0,1,0,0,1,2,0,1,2,0,0,1,1,0,16.1
1,1,1,0,1,0,1,0,1,1,1,0,0,2,2,1,0,1,0,1,1,1,1,0,0,0,0,1,16.1
1,2,2,0,0,0,0,0,0,2,1,1,1,2,0,2,0,0,0,1,0,2,1,1,0,0,1,0,15
0,0,0,0,0,0,0,1,1,0,1,0,1,2,0,0,0,1,1,1,0,0,2,1,0,1,1,1,15.5
2,0,0,0,1,1,0,1,0,2,0,0,1,1,1,1,0,1,1,1,0,1,0,0,1,0,0,0,16
1,1,1,0,0,0,1,0,1,1,0,0,0,1,2,1,0,0,1,1,1,1,1,1,0,0,0,1,15.6
1,1,0,0,0,0,0,0,0,0,1,1,1,1,1,1,0,0,0,1,0,0,0,0,0,0,1,1,17.2
2,0,1,0,1,1,1,0,1,1,1,0,0,1,0,0,0,1,0,1,1,1,2,1,0,1,1,1,14.9
2,0,0,0,1,1,0,0,1,2,1,0,0,1,0,0,0,1,0,2,0,2,2,2,1,1,1,1,15.5
2,1,1,1,0,0,0,1,1,0,0,1,0,2,1,2,0,0,0,2,0,2,2,1,0,1,0,1,15.6
1,1,2,0,0,0,1,0,0,2,0,0,0,2,2,1,0,0,2,2,1,1,0,0,0,0,0,1,15.8
1,1,1,0,0,1,0,0,0,1,1,0,0,2,1,1,0,0,0,2,0,2,0,0,0,0,1,0,16.1
0,0,1,1,1,0,0,0,0,1,2,0,0,1,0,0,0,2,1,2,0,1,1,0,0,0,2,0,16.7
2,1,2,0,0,0,0,0,0,2,0,0,1,2,1,1,0,1,1,1,0,1,0,2,0,0,0,2,15.8
2,0,1,0,0,0,1,0,1,2,0,0,1,2,1,0,0,0,1,2,1,1,1,2,0,0,0,0,16
2,0,1,2,0,2,0,1,0,0,2,0,2,2,1,0,1,0,0,2,0,1,0,0,0,0,2,0,16.5
1,0,1,0,1,1,1,0,1,0,2,0,0,1,0,0,0,1,1,1,1,0,2,1,0,0,2,0,17.2
2,0,0,0,0,1,1,0,0,0,0,0,2,2,1,0,0,0,1,1,1,1,0,0,0,0,0,1,15.9
1,0,1,0,0,1,1,0,1,1,2,2,1,2,0,1,0,0,0,1,1,0,2,0,1,2,1,0,16
0,0,0,1,0,0,0,0,0,0,0,0,0,2,0,1,1,0,0,1,0,0,2,1,0,0,0,1,16.5
1,1,1,0,0,1,0,0,1,2,0,0,0,1,0,1,0,0,1,0,0,1,2,0,1,0,0,0,15.3
2,0,0,0,0,1,0,0,0,2,1,1,0,2,0,1,0,0,0,1,0,0,1,1,2,1,0,1,15.5
1,0,0,0,1,1,2,1,1,2,1,0,1,2,1,1,0,1,1,2,1,0,1,0,0,0,1,1,16.2
2,2,1,0,0,1,1,0,2,1,1,0,0,1,0,2,0,0,1,2,1,1,2,0,0,0,0,0,15.6
0,0,1,2,0,1,0,2,1,1,1,2,1,2,0,0,0,0,1,2,0,0,1,0,0,1,0,0,16.4
2,0,0,0,0,0,1,2,2,0,0,1,0,0,1,1,0,1,1,0,1,0,2,0,0,1,0,0,15.5
1,1,0,0,0,1,1,0,0,0,1,0,0,2,0,2,0,0,1,2,1,1,0,0,0,0,0,1,16.1
2,1,0,1,0,0,0,0,0,1,2,1,0,2,1,1,1,0,2,2,0,0,1,0,0,0,1,0,17.1
1,2,2,0,0,1,0,0,1,0,2,2,0,2,0,2,0,0,0,1,0,1,2,1,0,1,0,0,16.8
1,0,1,1,0,1,0,1,2,1,2,1,0,2,0,0,0,0,0,1,0,0,2,0,0,0,1,0,15.8
1,1,1,0,0,0,0,1,1,2,0,1,1,2,1,1,0,0,0,2,0,1,1,0,1,0,0,0,14.8
2,2,2,0,0,1,0,1,0,1,0,1,1,1,1,2,0,0,0,1,0,1,0,0,0,1,0,0,15.3
2,1,1,0,0,0,2,0,1,0,1,0,1,2,2,1,0,0,2,1,2,1,1,0,0,0,1,0,15.3
0,1,0,0,0,0,0,0,1,1,1,1,0,2,1,2,0,1,0,2,0,1,1,1,0,0,1,0,15.3
1,1,0,0,1,1,0,0,0,1,1,0,1,2,1,1,0,1,0,1,0,0,2,1,0,0,0,2,16.1
1,2,1,0,0,1,0,0,0,0,2,0,0,1,1,2,0,0,0,1,0,1,0,1,0,1,1,1,15.5
1,1,1,0,0,0,0,0,1,1,1,0,1,1,1,1,0,0,0,1,0,1,1,0,0,1,1,0,15.2
2,0,0,1,0,2,0,0,0,1,1,2,0,2,2,0,0,0,0,2,0,1,1,0,0,1,0,0,15.7
2,1,1,1,1,1,0,0,1,2,2,2,1,2,0,1,0,2,0,1,0,1,1,1,0,1,1,0,16.2
0,0,0,0,0,1,0,0,1,0,1,0,0,2,0,2,0,0,0,2,0,1,2,2,0,0,0,1,17.4
1,0,0,1,0,1,0,1,1,1,0,1,1,1,1,0,0,0,1,1,0,1,1,0,1,0,0,0,15.9
0,1,0,0,0,0,0,0,0,1,1,1,0,2,1,2,0,0,1,2,0,1,0,0,0,0,1,0,15.9
1,1,0,0,0,0,0,0,1,0,2,2,1,2,1,1,0,1,0,1,0,1,1,0,0,0,2,0,16.1
1,0,0,0,0,0,0,1,0,1,1,0,0,1,0,1,0,0,0,2,0,1,2,1,1,1,1,1,15.5
1,0,0,1,0,1,1,1,0,0,0,0,0,2,0,2,1,0,0,1,1,2,1,2,0,0,0,1,15.6
2,1,1,0,0,0,1,0,1,1,0,0,1,1,1,1,0,0,1,1,1,1,1,0,0,0,0,1,16
1,1,1,1,0,1,0,1,0,1,2,0,1,1,1,1,1,0,0,0,0,1,0,0,0,1,2,0,16.4
1,0,1,1,0,1,0,2,0,1,0,0,1,1,0,0,0,0,0,1,0,0,0,0,0,0,0,0,16.5
1,0,1,1,0,1,0,1,0,1,1,0,1,1,0,0,0,0,0,2,0,1,0,0,0,0,1,0,17.1
1,1,0,0,0,2,0,0,0,0,2,0,1,2,1,1,0,0,0,1,0,1,1,0,0,1,1,1,16.2
2,0,0,1,0,1,0,1,1,1,0,0,1,1,1,1,1,0,1,1,0,1,1,0,1,1,0,0,16.4
2,1,1,0,0,0,0,0,1,1,2,1,0,2,0,1,0,1,0,0,0,1,1,1,0,1,2,0,15.6
2,1,1,0,0,1,1,1,1,2,0,0,1,2,2,1,0,0,1,2,1,1,1,0,0,0,0,1,15.5
0,0,0,1,1,0,1,1,1,1,1,0,0,2,0,1,0,1,1,2,1,0,1,0,0,1,1,1,15.2
2,1,0,0,0,0,0,0,0,1,2,0,2,1,1,1,0,1,1,1,0,1,0,0,0,0,2,0,15.9
1,0,1,0,0,1,0,1,1,0,1,1,0,2,1,2,0,0,0,1,0,2,2,2,0,1,0,1,15.8
0,2,1,0,0,0,1,0,2,1,1,1,1,1,1,2,0,0,1,1,1,2,2,0,0,0,1,1,16.4
2,1,1,0,0,0,0,0,0,1,2,1,0,2,0,1,0,0,0,1,0,1,0,0,0,0,1,1,16
1,1,0,1,0,0,1,0,0,0,1,1,0,2,0,2,0,0,2,2,1,1,1,1,0,0,1,1,16
1,0,1,2,0,1,0,1,1,1,1,1,1,2,0,0,0,0,0,1,0,0,1,0,0,1,0,0,16.6
1,1,1,2,0,2,0,1,1,0,1,0,1,1,1,1,1,0,0,1,0,1,1,0,0,0,1,0,15.4
0,2,1,0,0,0,0,0,1,2,1,0,1,1,2,2,0,0,0,2,0,2,1,0,0,1,1,0,15.5
1,1,0,0,0,0,1,0,1,1,0,0,1,2,2,1,0,0,2,2,1,1,1,1,0,0,0,1,15.8
1,0,1,2,0,1,1,0,0,0,2,2,0,2,1,0,0,0,1,1,1,1,1,1,0,2,2,0,14.9
2,0,1,1,1,1,1,1,2,0,1,0,0,2,0,0,1,1,0,1,1,0,2,2,0,0,1,0,15
2,1,1,0,0,0,1,0,0,0,0,0,0,1,1,1,0,0,1,1,1,1,0,1,0,0,0,1,16.8
2,0,1,2,0,0,0,1,2,0,1,1,1,2,1,0,0,0,2,0,0,0,2,0,0,0,0,0,15.6
2,0,1,1,0,0,0,0,1,1,0,0,0,2,1,0,0,0,0,2,0,2,1,2,0,0,0,0,16.3
2,1,0,2,0,2,0,0,0,2,2,1,0,2,2,1,0,0,0,1,0,0,0,0,0,1,1,0,16.1
1,0,0,0,0,1,1,1,2,1,1,0,2,2,1,1,0,0,0,1,1,0,2,0,0,0,1,0,15.3
2,0,0,1,0,1,1,2,0,2,0,0,2,1,2,1,1,0,1,1,1,0,1,0,1,0,0,0,16.1
2,0,1,0,0,1,0,0,0,0,0,0,0,2,0,0,0,0,0,1,0,0,1,0,0,0,0,2,15
1,0,1,1,0,1,1,1,1,1,0,0,1,2,1,1,0,0,0,0,1,1,1,0,0,1,0,1,15
2,0,0,2,1,1,0,1,2,0,0,1,2,2,1,0,2,1,1,2,0,0,2,0,0,0,0,0,16.5
2,2,0,0,0,0,1,0,1,1,2,1,0,1,0,2,0,0,1,2,1,1,2,0,0,1,0,0,16.8
1,0,1,0,0,0,1,1,1,2,0,0,2,2,0,0,0,0,1,0,1,1,1,0,2,1,0,1,15.1
0,0,0,0,0,0,0,0,0,0,1,0,0,2,0,2,0,0,0,2,0,1,2,1,0,1,1,2,16.3
1,0,0,1,1,1,0,1,1,2,1,1,1,2,1,0,0,1,1,0,0,0,2,0,1,0,1,0,16.7
1,0,0,0,0,0,0,1,1,2,2,2,2,2,0,1,0,1,2,2,0,0,1,0,0,2,1,0,16.5
1,1,1,0,0,0,0,1,0,1,1,0,0,2,1,1,0,1,0,2,0,1,1,1,0,1,1,0,16.3
1,2,1,0,0,1,0,1,0,1,1,0,0,2,1,2,0,1,0,2,0,1,1,2,0,1,1,0,16
0,2,0,0,0,0,0,0,0,2,2,1,1,2,1,2,0,1,0,1,0,2,1,1,0,0,1,1,15
0,2,1,0,0,0,0,0,0,2,1,0,0,2,2,2,0,1,0,1,0,2,1,1,0,0,1,1,14.1
0,0,1,0,1,1,0,1,0,2,1,0,1,2,0,0,0,2,1,0,0,0,1,0,1,0,1,0,15.8
2,0,0,0,0,1,1,0,2,0,1,0,0,0,0,1,0,0,1,2,1,0,2,0,0,1,1,1,16.2
1,0,1,1,0,1,0,1,1,0,1,1,1,2,0,0,0,0,1,1,0,0,1,0,0,1,1,0,15.6
0,2,1,0,0,0,0,1,1,2,1,1,1,2,1,2,0,0,0,1,0,0,1,1,0,0,1,0,16
1,0,1,1,2,1,0,1,1,0,2,1,0,2,0,1,0,2,1,2,0,1,2,1,0,1,2,0,16
1,0,0,1,0,1,0,2,2,0,1,2,1,2,0,0,0,0,1,1,0,0,2,0,0,1,0,0,16.7
1,1,0,0,1,0,1,0,0,0,1,1,0,2,2,1,0,2,1,0,1,1,0,0,0,0,1,0,16.5
1,2,1,0,1,0,0,0,0,0,1,0,1,2,1,2,0,1,0,0,0,1,1,1,0,0,0,2,15.4
1,1,1,0,0,0,0,0,0,0,1,0,0,2,0,2,0,0,0,2,0,1,2,1,0,1,1,2,16.4
1,2,1,0,0,0,0,1,1,1,1,0,0,2,1,2,0,0,0,2,0,1,2,1,0,1,1,0,15.8
1,0,0,0,0,0,0,1,0,1,1,1,2,2,0,0,0,0,0,2,0,1,0,0,0,0,1,0,15.2
2,1,1,0,0,0,1,0,1,1,1,0,0,2,0,1,0,0,0,2,1,1,1,1,0,0,0,0,15.9
0,1,0,0,0,0,0,0,0,0,2,2,0,2,0,2,0,0,1,1,0,1,0,0,0,0,2,0,16.4
2,2,1,2,0,0,1,0,0,2,1,0,0,1,0,2,1,0,2,1,1,2,1,0,0,0,0,1,14.2
1,0,1,1,0,1,0,0,0,0,2,0,0,2,0,1,1,0,1,1,0,1,1,1,0,0,0,0,16
1,0,1,0,1,0,0,2,2,0,1,1,1,2,1,1,0,1,0,0,0,0,2,0,0,2,1,0,15.3
1,1,1,0,0,1,0,1,0,1,0,0,1,1,1,1,0,0,0,1,0,1,0,0,0,1,0,0,16.1
2,0,2,0,0,0,2,0,0,1,2,0,2,2,1,0,0,0,2,1,2,1,0,1,0,0,2,0,14.6
1,0,1,1,0,0,0,1,2,0,0,0,1,2,0,0,1,0,0,2,0,1,2,0,0,1,0,1,17
2,1,2,1,0,1,0,0,1,1,1,0,0,2,1,1,0,0,1,1,0,1,1,0,0,0,0,1,14.7
1,0,1,2,0,1,1,0,2,0,0,0,1,2,1,0,0,0,0,1,1,0,2,0,0,0,0,0,15.4
1,0,1,1,1,2,0,0,1,1,1,0,0,2,0,1,0,1,0,1,0,1,1,0,0,0,1,0,17
1,0,0,0,1,1,0,1,1,1,2,1,1,1,0,1,0,1,1,1,0,0,1,0,0,1,2,0,16.5
0,1,2,1,1,2,1,1,0,1,1,0,2,2,1,1,1,1,0,1,1,1,0,0,0,0,1,0,15.5
0,0,1,1,1,2,0,2,1,1,1,0,0,2,0,0,0,2,0,2,0,0,1,0,0,1,1,0,17.2
1,2,2,0,0,1,0,1,1,1,2,0,1,1,1,2,0,0,0,0,0,1,1,0,0,0,2,0,15.7
2,1,0,1,0,0,2,1,0,1,0,0,1,1,2,2,1,0,1,1,2,0,1,0,1,0,0,0,14.9
2,1,2,0,0,0,0,1,1,2,2,0,1,1,0,1,0,0,0,1,0,0,1,0,0,1,1,1,14.6
0,0,0,1,0,0,1,0,1,2,2,1,0,2,0,0,0,0,1,1,0,0,2,0,1,2,0,0,15.2
1,0,0,0,1,0,1,1,2,1,1,1,1,2,1,2,0,1,0,0,1,0,2,0,1,1,1,0,15.7
1,1,1,1,0,1,0,0,1,1,2,1,0,2,0,1,0,0,0,1,0,0,1,0,0,1,1,0,16
2,1,0,0,0,0,1,0,1,2,2,0,1,2,0,1,0,0,2,2,1,1,1,2,0,0,0,1,15.5
1,0,1,2,0,1,0,1,2,1,0,0,1,2,1,0,0,0,0,1,0,0,2,0,0,0,0,0,15.4
2,2,2,1,0,0,0,0,1,0,2,1,0,2,1,2,1,0,1,0,0,0,2,0,0,0,0,0,16.9
1,0,0,0,0,1,0,0,0,2,1,1,0,1,0,0,0,0,1,1,1,1,1,0,1,1,0,0,15.7
1,1,1,0,1,2,0,2,0,0,0,1,2,2,2,1,0,1,0,0,0,0,0,0,0,1,0,0,16.5
2,0,1,0,0,0,0,0,1,1,1,0,0,2,1,0,0,0,0,2,0,2,1,2,0,0,0,1,15.7
1,1,2,0,0,1,0,0,0,1,2,1,1,2,1,1,0,1,0,2,0,1,2,1,0,1,2,1,15.9
1,0,0,1,1,1,0,1,1,1,1,0,1,2,0,1,0,1,1,1,0,0,2,0,0,0,1,0,16.1
2,0,1,0,0,1,0,1,0,1,2,0,2,2,2,0,0,0,1,2,0,1,0,0,0,0,2,0,16
2,1,1,0,0,1,0,1,0,1,1,0,1,0,0,1,0,0,0,1,0,1,0,0,1,0,1,0,15
2,1,1,0,1,0,1,0,0,0,0,0,1,1,1,1,0,1,0,1,1,1,0,1,0,0,0,1,15.8
0,0,0,0,0,1,1,1,1,1,1,1,0,2,0,0,0,1,0,2,1,0,2,1,0,1,1,1,15.2
2,0,1,1,0,0,1,0,0,0,2,0,0,2,0,0,1,0,2,1,1,1,0,2,0,0,0,0,16.2
0,1,2,0,0,0,0,1,1,1,1,0,1,0,1,1,0,0,1,1,0,1,1,0,1,0,1,0,15.5
1,1,1,0,0,0,1,0,0,0,1,1,0,2,0,2,0,0,0,2,1,1,2,2,0,1,0,1,16
0,2,1,1,0,0,1,0,1,1,2,1,1,1,1,2,0,1,1,0,1,2,1,1,0,0,1,0,15.4
2,2,0,1,0,2,0,0,0,0,2,1,0,2,0,2,0,0,0,1,0,1,1,0,0,1,1,0,16.3
2,0,0,1,0,1,1,2,2,2,0,0,1,2,1,1,0,1,1,1,1,0,2,0,1,0,0,0,17
0,0,0,1,1,1,0,1,1,1,1,1,0,1,0,1,0,1,1,1,0,0,2,0,0,2,1,1,16.3
1,0,1,1,1,1,1,0,0,1,1,0,0,1,0,1,0,1,1,1,1,0,1,0,0,0,1,0,16
2,2,1,0,0,2,0,0,0,1,2,0,0,2,1,2,0,0,0,2,0,0,1,1,0,1,1,0,15.6
2,2,2,1,0,1,0,0,1,0,2,1,0,2,1,2,0,0,2,0,0,1,1,0,0,0,0,0,15.4
2,0,0,0,0,1,0,0,1,2,2,2,0,2,1,1,0,0,1,2,0,0,1,0,1,1,1,0,15.6
1,0,0,1,0,1,0,1,1,1,1,1,0,1,0,1,0,0,0,1,0,1,1,0,0,0,0,0,15.8
1,2,1,0,0,1,0,0,0,2,1,0,0,2,1,2,0,0,1,1,0,2,1,1,0,0,1,2,14.7
1,1,0,2,0,2,0,1,2,1,2,1,0,1,0,1,2,0,0,1,0,1,2,0,0,0,1,0,16.5
1,0,0,1,0,1,0,1,0,1,0,0,2,2,0,0,0,0,0,2,0,1,0,0,0,1,0,0,16.1
1,0,1,1,0,1,0,0,1,0,1,1,0,2,0,1,1,0,0,1,0,1,2,1,0,1,0,0,15.7
0,0,0,0,0,0,1,2,1,1,0,0,1,2,0,0,0,1,1,1,1,0,2,0,0,0,0,1,15.7
1,0,1,0,0,1,0,1,0,1,1,0,1,1,1,0,0,0,0,0,0,1,0,0,0,0,1,0,15.9
2,0,1,2,0,0,0,0,0,1,1,1,0,2,1,1,0,0,1,1,0,1,1,1,1,0,0,1,14.2
1,0,1,1,0,1,1,0,0,0,2,2,0,2,1,0,0,0,1,1,1,1,1,1,0,2,2,0,16.3
1,0,2,1,0,1,0,1,1,1,1,1,1,1,1,0,1,0,0,1,0,1,1,0,0,1,1,0,16.1
2,0,0,1,0,0,0,0,0,0,2,2,0,2,1,2,0,0,1,1,0,0,2,0,0,1,1,0,15.6
1,0,0,0,1,2,0,1,1,2,1,0,1,2,0,0,0,1,0,0,0,1,1,0,1,0,1,0,16.1
0,2,2,0,1,0,0,0,0,1,1,0,2,1,2,2,0,1,1,1,0,0,0,1,0,0,0,2,15.9
1,2,2,0,0,1,0,1,1,1,0,1,1,2,1,2,0,0,0,1,0,1,1,0,0,1,0,0,15.1
1,0,1,1,0,0,1,0,1,0,2,1,0,2,0,0,0,0,1,2,0,1,1,0,0,2,0,0,15.4
2,2,1,0,0,1,0,0,1,2,1,0,1,2,0,2,0,0,2,1,0,1,1,1,0,0,1,0,15.2
1,0,2,0,0,0,0,1,0,0,1,0,0,0,0,0,0,0,2,2,0,1,0,0,0,0,1,0,16.1
1,0,1,1,0,0,1,0,2,1,2,2,0,1,0,0,0,0,1,1,0,0,2,0,0,2,2,0,15.6
1,0,1,1,0,2,0,0,1,0,2,0,0,1,0,1,0,0,0,2,0,1,1,1,0,1,1,1,17.1
1,0,1,1,0,0,0,0,1,1,0,0,1,1,1,0,0,0,0,0,0,1,1,0,0,0,0,0,14.7
2,0,0,1,1,0,1,0,1,0,2,1,0,2,1,0,0,1,1,1,1,2,1,0,0,0,2,0,15.6
1,1,0,0,1,1,1,0,0,0,1,1,0,2,1,1,0,1,0,1,1,2,0,1,0,0,1,1,15.6
1,0,0,0,0,0,1,1,1,0,1,0,1,2,0,0,0,0,0,1,1,1,1,0,0,0,1,0,16
1,1,1,0,0,0,0,1,2,1,0,0,0,2,0,1,0,0,0,1,0,1,2,0,0,0,0,0,15.5
2,1,0,0,0,0,1,0,1,0,0,0,1,1,1,2,0,1,0,1,1,2,1,0,0,0,0,1,14.9
0,0,0,0,1,0,0,1,2,1,1,1,1,2,0,1,0,1,0,2,0,1,2,0,1,1,1,0,15.3
1,0,1,1,1,1,0,1,0,2,1,1,2,2,0,0,1,1,0,1,0,1,0,0,1,1,1,0,15.6
1,0,1,1,0,0,1,0,1,1,2,1,0,2,0,1,0,0,1,1,0,0,2,0,0,2,1,0,15.1
2,1,2,0,1,0,0,0,0,2,1,0,0,2,1,1,0,1,1,2,0,1,0,2,0,0,0,1,16.4
1,1,0,0,0,0,0,0,0,0,1,1,1,2,2,1,0,0,0,0,0,2,1,0,0,0,1,0,15.8
1,0,1,1,0,0,0,2,1,0,0,0,1,2,0,0,0,1,1,1,0,0,1,0,0,0,0,1,15.7
0,0,0,0,1,0,0,1,1,0,1,1,0,1,0,2,0,1,0,1,0,0,1,1,0,2,1,1,15.2
2,1,0,0,0,0,0,0,0,1,2,1,2,1,1,1,0,0,1,1,0,1,0,1,0,0,2,0,15.7
2,1,2,0,0,0,0,0,0,1,1,0,2,1,1,1,0,1,1,1,0,0,0,1,0,0,0,2,16.1
2,2,1,0,0,0,0,2,0,1,2,0,1,2,0,2,0,1,1,2,0,0,0,1,0,0,1,1,15.9
2,1,1,0,1,1,0,0,2,1,1,1,1,1,0,2,0,1,0,2,0,2,2,0,0,1,1,1,15.7
2,1,0,1,0,1,1,1,0,1,0,0,2,2,1,1,0,0,1,0,1,0,1,0,1,0,0,1,14.9
2,1,0,0,0,1,1,0,1,1,1,1,1,2,1,1,0,0,1,2,1,1,1,0,0,1,0,0,16.1
1,1,1,0,0,0,0,1,0,1,1,1,0,2,1,1,0,0,2,0,0,0,1,1,0,1,1,1,15.4
1,0,0,1,0,0,1,1,1,0,1,0,2,2,0,0,0,0,1,1,1,1,1,0,0,0,1,0,16
1,2,1,0,0,0,0,0,0,2,2,1,2,1,1,2,0,2,1,2,0,0,0,1,0,0,2,0,15.8
2,1,2,0,0,0,0,1,0,2,0,0,0,2,0,1,0,1,0,2,0,1,1,2,0,0,0,0,15.1
2,1,2,0,0,0,0,0,1,2,2,1,1,1,0,1,0,1,0,2,0,2,1,0,0,0,1,1,14.9
2,0,1,1,0,1,0,0,0,1,2,0,2,2,0,0,0,0,0,1,0,2,0,0,0,0,2,0,15.5
2,2,1,0,0,0,0,0,1,1,1,1,1,2,1,2,0,0,1,1,0,1,1,1,0,0,1,1,15
0,0,1,1,0,0,0,0,1,0,2,0,0,1,0,1,0,0,1,1,0,0,2,0,0,1,1,1,16.5
2,0,1,0,0,0,0,1,2,1,1,1,0,0,0,1,0,0,1,1,0,1,2,0,1,2,1,0,14.9
0,0,1,1,0,2,1,0,2,2,2,1,0,2,0,0,0,1,0,1,1,1,2,0,1,0,1,0,15.7
1,2,2,1,0,0,1,0,0,1,1,1,0,1,2,2,0,1,1,1,1,1,1,0,0,0,1,1,15.3
0,0,0,1,0,0,1,0,1,0,2,1,1,2,0,1,0,1,1,0,0,1,1,0,0,1,0,0,15.6
1,1,0,0,1,0,1,0,0,0,1,1,0,2,1,1,0,1,1,2,1,2,1,0,0,0,1,0,15.6
1,1,1,0,1,1,0,1,1,2,1,0,1,1,2,1,0,1,0,1,0,1,1,0,1,0,1,0,16.1
1,0,0,1,0,1,0,1,0,0,0,1,2,2,0,0,0,0,1,1,0,1,0,0,0,0,0,0,16.1
0,2,2,0,1,0,0,0,0,1,1,0,1,2,2,2,0,1,1,2,0,1,0,1,0,0,0,1,15
2,1,1,0,0,1,0,1,0,2,0,0,0,2,0,1,0,1,0,2,0,1,2,2,0,0,0,0,15.2
0,0,0,1,0,0,1,0,1,1,2,1,0,2,0,1,0,1,1,0,0,1,1,0,1,0,1,0,15.3
1,1,0,1,1,0,1,0,1,0,1,0,0,2,0,2,0,1,1,1,1,2,1,0,0,0,1,1,15.5
1,1,1,0,0,1,0,1,0,1,0,1,2,2,1,1,0,0,1,2,0,1,0,0,0,0,0,0,16.1
1,0,0,1,0,1,0,1,0,1,0,0,0,2,0,1,1,0,0,1,0,1,2,1,1,0,0,1,16.1
0,1,1,0,0,1,0,0,2,0,1,1,1,2,0,1,0,0,0,2,0,2,2,0,0,0,1,0,15.8
0,0,0,0,0,0,0,1,1,1,2,1,1,2,0,0,0,1,1,1,0,0,2,0,0,2,1,0,16.1
2,2,0,0,1,0,1,1,0,2,2,0,1,1,0,2,0,1,0,2,1,1,1,0,0,0,0,2,14.5
1,1,1,1,0,1,0,1,0,0,1,0,1,2,1,1,0,0,1,2,0,1,0,0,0,0,1,0,16.2
2,0,0,2,0,1,1,0,1,0,2,2,0,2,1,1,0,0,1,1,1,1,1,1,0,1,1,0,15.2
2,1,0,0,0,0,0,1,0,0,2,0,1,1,0,1,0,0,0,1,0,1,1,0,0,1,1,1,15.2
2,1,1,0,0,2,1,0,1,1,1,0,0,2,0,1,0,0,0,1,1,1,1,1,1,1,1,2,15.4
2,0,1,0,1,1,1,1,2,0,2,2,0,2,0,1,0,2,1,2,1,0,2,0,0,0,2,0,15.9
2,1,2,0,0,0,1,0,0,2,1,0,1,2,1,1,0,1,1,1,1,2,0,1,0,0,0,1,15.5
1,0,1,0,0,1,1,1,0,0,1,0,1,1,0,0,0,0,0,2,1,1,0,0,0,1,1,0,16
1,2,1,0,0,0,0,1,1,1,1,1,1,2,1,2,0,1,0,0,0,1,1,0,0,0,1,0,14.9
1,0,0,0,0,0,0,1,1,0,1,0,1,2,0,0,0,0,0,1,0,1,1,0,0,0,1,0,15.5
1,0,0,1,0,1,1,0,0,1,0,1,0,2,0,1,1,0,0,2,1,2,2,2,1,1,0,1,15.2
1,1,0,1,0,0,0,0,2,0,2,1,1,2,0,2,0,1,1,1,0,2,2,0,0,0,2,0,15.3
2,1,1,0,0,0,0,0,1,1,1,1,1,2,1,1,0,1,2,1,0,1,1,1,0,0,1,0,15.7
1,1,2,0,0,0,0,1,2,1,1,1,1,2,0,1,0,1,0,1,0,1,2,0,1,0,1,0,15.5
0,0,0,1,0,1,0,1,0,1,1,0,0,2,0,2,1,0,0,1,0,2,2,2,1,1,1,1,15.7
0,0,2,0,0,0,0,1,0,1,1,1,0,0,0,0,0,0,2,2,0,1,0,0,0,0,1,0,15.2
2,0,1,1,0,1,1,0,2,1,2,2,0,2,0,0,0,0,1,2,0,0,2,0,1,0,1,0,15.1
1,0,1,1,0,1,0,1,1,1,1,0,1,1,0,0,0,0,1,1,0,1,1,0,0,0,1,0,16.5
0,0,0,1,0,1,2,0,1,0,2,2,0,2,0,0,0,0,1,1,1,0,1,1,0,1,1,0,16.2
1,1,0,0,1,0,0,0,0,1,0,0,0,2,1,1,0,1,1,1,0,2,0,0,0,0,0,1,16.2
1,0,0,1,0,0,0,0,1,0,0,0,1,2,1,1,0,1,1,1,0,2,1,0,0,0,0,2,15
2,1,1,1,0,2,0,1,0,1,1,0,1,1,0,1,0,0,0,1,0,1,0,0,1,0,1,0,15.4
1,0,1,0,0,0,0,1,2,0,1,1,0,0,0,1,0,0,0,2,0,1,2,0,0,2,1,0,15.9
2,1,1,0,0,0,0,0,1,1,1,0,0,2,0,1,0,0,1,1,0,0,2,1,1,1,1,1,15.2
2,0,0,0,0,1,0,1,1,1,1,0,0,2,0,2,0,0,0,1,0,1,1,1,1,1,1,2,15.6
2,0,1,0,0,0,0,1,1,0,0,1,1,0,0,1,0,0,0,1,0,1,1,0,0,1,0,0,15.6
1,0,1,2,0,1,0,0,1,1,1,1,0,2,0,1,0,0,1,1,0,0,1,1,1,0,0,1,15.3
2,1,2,0,0,1,0,1,1,2,1,0,1,2,0,1,0,0,0,1,0,1,2,1,0,0,1,1,16.1
2,1,1,0,0,1,0,1,1,0,2,2,1,0,1,1,0,0,1,2,0,1,1,0,0,1,0,0,15.9
2,1,2,0,0,1,0,0,0,1,1,0,0,2,0,1,0,1,0,1,0,2,2,2,0,0,1,1,15.6
1,1,1,1,0,0,0,1,0,2,1,0,1,2,1,1,0,0,1,1,0,1,0,0,1,0,1,0,15.7
1,0,1,0,0,0,0,1,1,0,1,1,1,0,0,0,0,0,1,1,0,1,1,0,0,2,1,0,15.2
1,0,1,0,0,0,0,1,2,1,0,1,0,0,0,1,0,0,0,1,0,1,2,0,1,1,0,0,16.2
2,1,0,0,0,1,0,1,1,2,2,0,1,2,1,1,0,0,1,1,0,0,1,1,0,0,2,0,14.8
2,0,0,2,0,1,0,1,1,1,2,0,1,2,1,0,0,0,1,0,0,0,1,0,0,0,2,0,15.3
2,2,1,0,0,0,0,1,0,2,2,1,1,0,0,2,0,0,0,2,0,0,0,1,0,0,2,0,15.2
1,0,1,1,1,1,1,0,2,1,2,2,0,1,0,0,0,2,1,1,0,0,2,1,0,1,0,0,14.9
1,1,2,0,0,0,0,2,0,2,0,1,1,2,0,1,0,0,2,0,0,0,0,0,1,0,0,0,16
2,0,0,0,1,1,1,0,2,1,1,1,1,2,1,2,0,1,0,2,1,1,2,0,1,1,0,1,15.8
0,1,0,1,0,0,1,0,1,0,1,0,0,2,0,1,0,1,1,1,1,2,1,0,0,0,1,1,15.4
1,0,0,1,0,1,0,1,0,2,1,0,2,2,0,0,0,0,0,1,0,1,0,0,1,0,1,0,15.5
2,2,1,0,0,0,0,1,0,1,1,0,1,1,0,2,0,0,0,1,0,1,0,1,0,1,1,0,15.4
2,1,0,1,0,1,1,0,1,1,1,0,0,2,0,2,0,0,1,1,1,1,2,1,1,1,1,1,15.5
2,1,0,0,1,0,0,0,0,2,2,0,1,1,0,1,0,1,0,1,0,2,1,0,0,1,1,1,15.3
1,2,2,1,0,0,0,0,1,0,2,0,0,2,2,2,1,1,1,1,0,1,2,1,0,0,1,1,15.2
2,0,0,0,0,1,2,0,1,1,1,1,0,1,1,2,0,0,0,0,2,1,1,0,0,1,0,1,15
2,1,1,0,0,0,0,1,0,1,2,1,2,2,1,1,0,1,1,2,0,0,0,1,0,0,2,0,16.4
1,0,2,2,0,0,0,0,0,0,2,2,0,2,1,0,0,0,1,1,0,1,1,1,0,1,2,0,16.2
1,0,0,0,0,1,1,0,1,1,2,2,1,0,1,1,0,0,1,2,1,1,1,0,0,1,0,0,15.7
1,0,0,0,1,1,0,1,1,1,2,1,1,1,0,1,0,1,1,1,0,0,2,0,0,1,2,0,15.8
1,0,1,0,0,1,0,1,1,0,1,0,2,2,0,0,0,1,1,2,0,1,1,0,0,0,1,0,16.4
2,1,1,0,0,1,1,0,0,2,1,1,0,2,1,1,0,0,1,1,1,1,2,0,1,1,1,0,15.4
2,0,1,0,0,1,2,1,1,1,2,2,0,1,0,1,0,0,1,1,1,0,1,0,0,1,1,0,15.7
2,0,0,1,0,1,0,0,1,1,1,0,0,2,0,2,0,0,1,1,0,0,2,1,1,1,1,1,15.4
2,1,0,0,1,0,0,0,0,2,2,0,1,1,0,1,0,1,0,1,0,2,1,0,0,1,1,1,16.3
0,0,1,1,0,0,0,0,1,0,2,2,0,2,0,1,1,0,0,2,0,0,2,1,0,2,0,0,16.1
2,1,1,1,0,1,0,1,1,1,1,0,0,2,0,1,0,0,0,1,0,1,2,1,1,1,1,1,15.2
1,0,0,1,0,1,0,1,1,2,0,1,2,2,1,0,0,0,0,1,0,1,1,0,1,0,0,0,15
1,0,2,1,0,1,1,0,1,1,1,1,0,2,1,0,0,0,1,1,1,0,2,0,1,0,0,1,15.1
1,0,0,0,0,1,0,1,0,1,0,0,0,2,0,1,0,0,0,2,0,2,2,2,1,0,0,1,16
1,0,0,0,1,2,0,1,0,1,1,0,2,2,0,0,0,1,0,0,0,1,0,0,0,0,1,0,16.6
1,1,1,1,0,1,0,0,0,2,1,1,0,2,1,2,0,0,0,2,0,1,2,0,1,1,1,0,15.4
0,0,2,2,0,2,1,0,1,0,1,1,0,2,0,0,2,0,0,2,1,1,2,1,0,1,0,1,15.9
1,1,1,0,0,0,0,1,1,2,2,0,2,1,2,1,0,1,1,1,0,0,1,1,0,0,2,0,15.1
1,1,1,0,0,0,0,1,0,1,1,1,1,2,1,1,0,0,0,2,0,1,0,0,1,0,1,0,15.3
1,1,2,1,1,2,0,2,1,1,1,1,2,2,2,1,1,1,0,0,0,0,1,0,0,1,1,0,16.8
1,1,1,0,0,1,0,1,2,1,1,0,1,1,1,1,0,0,0,1,0,1,2,0,0,0,1,0,15.7
2,1,1,0,0,1,1,0,1,1,1,1,0,2,0,1,0,0,1,1,1,1,2,1,1,0,0,0,15.7
2,1,1,0,0,0,0,0,0,1,2,1,1,2,1,1,0,0,0,2,0,0,0,1,0,0,2,0,16.5
1,2,2,0,1,0,1,0,0,2,0,0,1,2,1,2,0,1,1,1,1,1,0,2,0,0,0,1,14.7
2,1,0,0,0,0,0,1,1,2,2,0,2,1,1,1,0,1,1,1,0,0,1,0,0,0,2,0,16.1
2,0,1,1,0,0,0,1,1,0,1,1,0,0,0,1,0,0,0,2,0,1,1,0,0,2,1,0,15.9
2,1,1,0,0,0,1,0,1,1,1,0,2,1,1,1,0,0,0,1,1,0,1,1,0,0,1,1,15.2
2,0,1,0,0,1,2,0,2,0,2,2,0,1,0,1,0,0,1,1,1,0,2,1,0,0,2,0,15.5
1,1,1,0,0,1,0,0,0,2,0,0,0,2,0,1,0,0,0,1,0,2,1,1,0,0,0,0,15.1
1,0,0,0,1,1,2,0,1,1,2,2,0,2,0,0,0,1,1,2,1,0,1,1,1,0,2,0,16.2
2,1,1,1,0,2,1,0,0,2,1,0,0,2,0,1,0,0,0,1,1,2,1,0,0,0,0,1,14.8
2,1,0,2,0,1,1,0,0,2,2,1,0,2,1,1,1,0,1,1,1,2,0,0,0,1,1,0,16.5
0,1,2,1,0,1,0,1,1,2,1,0,1,0,1,1,0,0,0,1,0,1,1,0,1,0,1,0,14.8
2,1,1,0,0,0,0,0,0,2,2,0,1,2,1,1,0,0,0,2,0,0,0,1,0,0,1,1,15.9
1,1,1,0,0,0,0,1,2,1,2,0,2,1,2,1,0,1,1,1,0,0,2,1,0,0,2,0,15.3
1,1,1,1,1,2,0,2,0,1,1,1,2,2,0,1,1,1,0,1,0,0,0,0,0,1,1,0,16.4
1,0,1,0,0,0,0,2,1,1,1,0,1,1,0,0,0,0,2,1,0,0,1,0,0,0,1,0,16
2,0,0,1,0,2,1,1,1,1,1,0,0,2,0,2,0,0,0,1,1,2,2,1,1,1,1,2,15
0,1,2,1,0,1,0,1,0,0,1,1,1,1,1,1,0,0,0,2,0,1,0,0,0,0,1,0,15.8
1,0,1,1,0,0,0,1,2,0,2,0,1,0,0,0,0,0,2,2,0,1,2,0,0,1,2,0,15.4
0,0,0,1,0,0,1,0,1,2,2,1,0,2,0,1,0,1,1,1,0,1,2,0,1,2,0,0,15.4
2,2,1,0,0,0,0,1,1,1,1,1,0,2,0,2,0,0,1,1,0,1,1,0,0,1,1,1,15.3
1,2,2,1,0,0,0,0,0,1,1,1,0,2,2,2,0,0,1,0,0,1,1,1,0,0,1,1,14.7
0,0,1,1,0,0,0,0,1,0,2,0,0,2,0,1,1,0,1,1,0,0,1,0,0,1,1,1,16.5
2,0,0,1,0,0,0,1,0,2,2,2,0,2,1,0,0,0,1,0,0,2,2,0,1,2,1,0,15.8
1,1,1,0,0,0,0,1,0,1,2,1,1,1,2,1,0,1,1,2,0,0,0,1,0,0,2,0,16.2
1,0,0,1,0,0,0,0,2,0,1,0,1,2,0,1,0,1,1,2,0,2,2,0,0,0,1,0,15.7
2,2,0,2,0,1,0,0,0,2,1,0,0,2,1,2,0,0,1,1,0,1,2,0,0,1,1,2,15.8
1,0,0,1,0,0,1,0,1,0,2,1,1,2,0,0,0,0,1,1,0,1,1,0,0,1,1,0,15.7
1,1,1,1,0,0,0,0,1,1,1,1,0,1,2,1,0,1,1,1,0,1,2,1,0,0,0,1,15.2
1,0,0,0,1,2,1,0,0,1,2,2,0,2,1,1,0,1,0,1,1,1,1,0,1,2,1,0,16.1
1,0,1,0,0,1,0,0,1,1,2,0,0,1,0,1,0,0,1,2,0,1,1,1,0,1,1,1,16.6
1,1,2,0,0,2,0,1,1,0,1,1,2,2,0,1,0,0,0,1,0,1,1,0,0,0,1,0,15.5
0,0,1,1,0,0,1,0,1,0,2,2,0,2,0,1,1,0,0,2,1,1,2,1,0,2,0,0,15.9
0,1,1,1,0,0,0,0,1,1,1,1,0,1,1,1,0,1,1,2,0,1,1,0,1,1,0,0,15.3
1,2,1,0,0,1,0,0,0,1,0,1,1,2,0,2,0,1,0,1,0,2,2,1,0,0,0,1,15.6
1,1,1,0,0,1,0,1,1,0,0,0,1,2,1,1,0,0,0,2,0,1,1,0,0,0,0,0,15
0,0,0,1,0,1,0,1,0,1,1,1,0,2,0,2,1,0,0,1,0,2,2,2,1,2,1,1,15.2
1,1,1,0,0,1,0,2,1,2,1,1,2,2,1,1,0,0,0,0,0,0,1,0,1,1,1,0,15.7
1,0,1,0,0,0,0,1,0,2,0,1,0,1,0,0,0,0,2,0,0,1,0,0,1,0,0,0,15.7
1,2,1,1,0,0,0,1,0,1,1,1,0,2,0,2,0,0,2,0,0,0,1,1,0,0,0,1,15.2
1,0,0,1,0,0,0,0,2,0,0,0,1,2,1,0,0,0,1,1,0,2,2,0,0,0,0,2,14.6
1,0,1,1,0,1,0,1,1,0,2,2,0,1,0,0,0,0,1,2,0,0,1,0,0,1,1,0,15.8
0,2,2,0,0,0,1,0,0,1,1,0,1,1,2,2,0,1,1,2,1,2,0,1,0,0,0,2,14.9
1,1,1,2,0,1,1,1,0,1,1,1,0,2,0,1,1,0,1,1,1,1,1,0,0,0,0,1,15.2
0,0,0,1,1,2,1,1,1,1,1,0,0,1,0,1,0,1,1,2,1,0,2,1,0,1,1,1,15.5
1,1,2,0,0,2,0,0,1,2,1,1,1,1,2,1,0,0,0,1,0,2,1,0,1,1,1,0,15.5
1,2,1,0,0,0,0,0,1,1,1,1,0,2,1,2,0,1,1,1,0,0,1,0,0,0,1,0,15.2
1,1,1,0,0,0,0,1,1,2,2,1,1,2,2,1,0,0,1,2,0,0,1,0,0,0,2,0,15.1
2,1,1,0,0,0,0,0,1,1,1,0,0,2,1,1,0,0,1,0,0,0,1,1,0,0,1,0,14.5
0,0,0,0,0,0,0,1,1,1,2,1,1,2,0,0,0,1,1,1,0,0,1,0,1,1,2,0,16.9
0,0,0,0,0,0,0,1,1,0,2,1,1,2,0,0,0,1,1,2,0,0,2,0,0,1,1,0,16.4
1,1,1,0,0,2,0,1,1,2,1,1,2,2,1,1,0,0,0,0,0,1,1,0,1,1,1,0,15.6
2,2,1,0,0,0,0,1,0,1,1,0,1,1,0,2,0,0,0,1,0,1,0,1,0,1,1,0,15.3
1,0,2,1,1,1,0,2,0,1,1,0,2,2,0,0,1,1,0,1,0,0,0,0,0,0,1,0,15.9
2,0,1,0,0,1,0,2,0,1,1,0,1,1,0,0,0,0,1,1,0,0,0,0,0,0,1,0,15.8
1,0,1,0,0,0,0,0,1,0,1,0,2,1,2,0,0,1,2,2,0,0,1,2,0,0,1,1,15.9
1,1,1,0,0,1,0,1,1,1,1,0,1,1,0,1,0,0,1,1,0,1,1,0,0,0,1,0,15
0,2,2,0,0,0,1,0,0,1,1,0,1,1,2,2,0,1,1,2,1,2,0,1,0,0,0,2,15.3
0,2,2,0,0,0,0,0,0,1,1,0,1,1,2,2,0,1,0,1,0,2,0,1,0,1,1,0,14.9
1,0,0,1,0,1,0,1,0,2,1,0,1,2,1,0,0,0,0,2,0,1,0,0,1,0,1,0,15.5
1,2,2,0,0,0,0,1,1,2,1,0,0,2,1,2,0,0,0,1,0,1,1,2,0,1,1,0,15.5
2,0,0,2,0,0,0,1,1,2,0,2,0,2,1,0,0,0,2,1,0,0,1,0,1,0,0,0,15.8
2,0,1,0,0,0,0,1,1,0,2,0,0,0,0,1,0,0,2,2,0,1,1,0,0,1,2,0,16
0,0,0,0,0,0,1,0,2,1,2,2,0,2,0,0,0,0,1,1,0,0,2,0,1,1,1,0,16
2,0,0,1,1,1,0,0,1,2,1,2,1,2,1,1,0,2,0,1,0,0,1,1,0,1,1,0,15.1
2,2,1,2,0,0,0,0,0,1,1,1,0,2,0,2,1,0,2,1,0,0,1,0,0,0,0,1,15.2
2,0,1,0,0,1,1,2,1,0,0,0,1,1,1,0,0,1,1,1,1,0,1,0,0,1,0,0,15.9
1,1,2,1,0,1,0,1,1,1,1,1,0,2,1,1,0,0,1,2,0,0,1,1,1,1,0,0,15.2
1,2,2,0,0,0,1,0,0,2,0,0,2,1,2,2,0,1,1,2,1,2,0,0,0,0,0,2,15.2
1,1,2,1,0,1,0,1,1,0,1,1,1,0,0,1,0,0,1,2,0,1,1,0,0,0,1,0,15.1
2,0,0,0,1,0,1,1,1,0,1,0,1,2,0,1,0,2,2,1,1,1,2,0,0,0,1,1,15.4
1,0,1,0,0,1,1,1,0,2,1,1,0,2,1,1,0,0,1,1,1,2,1,0,1,1,1,0,15.6
2,0,0,0,0,1,0,0,1,2,0,1,2,1,1,0,0,0,1,1,0,2,1,0,0,1,0,0,15.3
1,2,1,1,0,0,0,0,1,0,2,0,0,1,1,2,1,0,1,0,0,1,1,1,0,0,0,1,15
1,0,0,0,0,1,0,1,1,1,2,2,0,1,0,1,0,1,1,2,0,0,1,0,0,1,1,0,16.4
2,1,1,0,0,1,1,0,1,0,2,2,2,1,1,1,0,0,0,2,2,0,1,0,0,1,0,0,16.7
2,1,1,0,0,0,0,1,0,1,0,0,1,1,0,1,0,0,1,1,0,1,0,0,1,0,0,0,15.4
1,1,1,0,0,1,0,0,1,2,1,1,1,2,0,1,0,1,0,1,0,2,1,1,0,0,1,1,15.5
1,0,0,1,1,2,1,0,2,2,1,2,2,2,1,0,0,2,0,1,1,0,2,1,0,1,1,0,16.2
1,2,0,0,0,0,1,0,1,1,0,0,1,1,0,2,0,0,1,1,1,2,1,0,0,0,0,1,14.4
2,0,0,0,1,2,0,0,0,2,1,1,0,2,1,0,0,1,0,1,0,1,2,0,1,1,0,1,15.6
2,2,1,0,0,0,1,0,0,1,1,0,0,2,0,2,0,0,0,2,1,2,1,0,0,1,0,0,15
1,0,1,1,0,1,0,1,1,1,2,0,1,1,0,0,0,0,1,1,0,1,1,0,0,0,2,0,16.2
2,0,1,1,0,1,1,0,1,1,2,2,0,1,0,1,0,1,1,1,0,0,1,1,0,1,1,0,15.5
1,1,1,1,0,1,0,1,1,1,1,1,1,0,1,1,0,0,0,1,0,1,1,0,0,0,1,0,14.3
2,2,0,1,0,1,1,0,0,1,2,0,0,2,0,2,0,0,1,1,1,1,2,0,0,1,1,1,16.2
1,1,2,0,0,1,0,1,0,1,1,0,2,2,0,1,0,0,0,1,0,1,0,0,1,0,1,0,15.8
1,1,0,1,0,0,0,1,1,0,0,0,2,2,1,1,0,0,0,1,0,1,1,0,0,0,0,0,15.4
1,0,1,1,0,0,0,1,1,1,2,1,1,2,0,0,0,0,1,1,0,1,2,0,1,0,2,0,15
2,1,1,0,0,0,1,0,1,0,0,0,2,2,1,2,0,1,1,1,1,2,1,0,0,0,0,1,15.5
1,1,1,0,0,1,0,1,0,1,2,2,0,2,1,1,0,0,1,0,0,0,1,0,0,0,0,0,16.7
1,0,1,1,0,1,1,1,2,2,2,2,0,2,0,0,0,0,1,1,1,0,2,0,1,0,1,0,15.9
2,0,1,0,0,0,0,1,1,0,1,0,1,1,1,0,0,0,2,1,0,1,1,0,0,1,1,0,15.6
1,0,0,0,0,1,1,0,1,0,2,2,0,1,1,1,0,0,1,2,1,1,1,0,0,1,0,0,15.8
2,0,1,1,0,1,0,2,1,1,1,1,0,1,1,0,0,1,1,2,0,0,1,1,0,1,0,0,15.4
0,0,1,2,0,2,0,0,0,0,2,1,0,1,0,1,1,0,0,2,0,1,1,0,0,0,0,0,16.5
2,1,1,0,0,0,0,0,0,2,2,1,1,1,1,1,0,2,1,2,0,0,0,1,0,0,2,0,15.9
